company,total_laid_off,date,percentage_laid_off,industry,stage,funds_raised,country,year,month,month_name,year_month
Meta,700,2026-03-25,0.01,Consumer,Post-IPO,26000.0,United States,2026,3,March,2026-03
Epic Games,1000,2026-03-24,,Consumer,Unknown,6400.0,United States,2026,3,March,2026-03
Spotify,15,2026-03-23,,Media,Post-IPO,2100.0,Sweden,2026,3,March,2026-03
Gemini,0,2026-03-20,0.3,Crypto,Unknown,423.0,United States,2026,3,March,2026-03
Crypto.com,0,2026-03-19,0.12,Crypto,Unknown,0.0,Singapore,2026,3,March,2026-03
FranShares,0,2026-03-17,1.0,Finance,Seed,6.0,United States,2026,3,March,2026-03
Stone,400,2026-03-13,0.03,Finance,Post-IPO,521.0,Brazil,2026,3,March,2026-03
Atlassian,1600,2026-03-11,0.1,Other,Post-IPO,210.0,Australia,2026,3,March,2026-03
InvestCloud,150,2026-03-10,,Finance,Private Equity,54.0,United States,2026,3,March,2026-03
Flipkart,500,2026-03-06,,Retail,Acquired,12900.0,India,2026,3,March,2026-03
SSense,215,2026-03-05,,Retail,Series A,0.0,Canada,2026,3,March,2026-03
Supernal,296,2026-03-04,0.8,Transportation,Unknown,0.0,United States,2026,3,March,2026-03
Envato,200,2026-03-04,0.3,Marketing,Unknown,0.0,Australia,2026,3,March,2026-03
Amazon,100,2026-03-04,,Retail,Post-IPO,8100.0,United States,2026,3,March,2026-03
At-Bay,25,2026-03-04,,Security,Unknown,296.0,United States,2026,3,March,2026-03
MicroVision,49,2026-03-03,,Other,Post-IPO,415.0,United States,2026,3,March,2026-03
Zap Africa,0,2026-02-28,0.44,Finance,Seed,0.0,Nigeria,2026,2,February,2026-02
Block,4000,2026-02-26,0.4,Finance,Post-IPO,150.0,United States,2026,2,February,2026-02
Ocado,1000,2026-02-26,0.05,Food,Post-IPO,2000.0,United Kingdom,2026,2,February,2026-02
eBay,800,2026-02-26,0.06,Retail,Post-IPO,1200.0,Israel,2026,2,February,2026-02
C3.ai,280,2026-02-25,0.26,Ai,Series F,228.0,United States,2026,2,February,2026-02
Deliveroo,187,2026-02-25,,Food,Post-IPO,1700.0,United Kingdom,2026,2,February,2026-02
WiseTech,2000,2026-02-24,0.3,Logistics,Post-IPO,3000.0,Australia,2026,2,February,2026-02
TrueCar,100,2026-02-24,0.3,Transportation,Post-IPO,340.0,United States,2026,2,February,2026-02
Livspace,1000,2026-02-20,0.12,Consumer,Series F,482.0,India,2026,2,February,2026-02
Lucid Motors,0,2026-02-20,0.12,Transportation,Post-IPO,8300.0,United States,2026,2,February,2026-02
Cyberark,500,2026-02-17,0.12,Security,Acquired,1700.0,United States,2026,2,February,2026-02
Huawei,50,2026-02-15,,Hardware,Unknown,0.0,Israel,2026,2,February,2026-02
Axonius,40,2026-02-15,0.04,Security,Series E,865.0,United States,2026,2,February,2026-02
Clari,76,2026-02-12,,Sales,Acquired,496.0,United States,2026,2,February,2026-02
Glossier,50,2026-02-11,0.33,Retail,Series E,266.0,United States,2026,2,February,2026-02
Dayforce,0,2026-02-11,0.05,Hr,Post-IPO,40.0,Canada,2026,2,February,2026-02
Fi.Money,0,2026-02-10,0.4,Finance,Series C,0.0,India,2026,2,February,2026-02
Workday,400,2026-02-04,0.02,Hr,Post-IPO,230.0,United States,2026,2,February,2026-02
Rewire,110,2026-02-04,,Finance,Acquired,57.0,Israel,2026,2,February,2026-02
Zillow,200,2026-02-02,,Real Estate,Post-IPO,97.0,United States,2026,2,February,2026-02
Zipcar,126,2026-02-02,,Transportation,Acquired,107.0,United States,2026,2,February,2026-02
Expedia,100,2026-02-01,,Travel,Post-IPO,3300.0,United States,2026,2,February,2026-02
Zupee,200,2026-01-30,,Consumer,Series B,121.0,India,2026,1,January,2026-01
Peloton,0,2026-01-30,0.11,Fitness,Post-IPO,1900.0,United States,2026,1,January,2026-01
Kiwi.com,250,2026-01-29,0.36,Travel,Unknown,107.0,Czech Republic,2026,1,January,2026-01
Amazon,16000,2026-01-28,,Retail,Post-IPO,8100.0,United States,2026,1,January,2026-01
ASML,1700,2026-01-28,,Hardware,Post-IPO,0.0,Netherlands,2026,1,January,2026-01
Pinterest,700,2026-01-27,0.15,Consumer,Post-IPO,1500.0,United States,2026,1,January,2026-01
Moon Active,110,2026-01-27,0.05,Consumer,Unknown,425.0,Israel,2026,1,January,2026-01
Entropy,0,2026-01-25,1.0,Crypto,Seed,27.0,United States,2026,1,January,2026-01
Autodesk,1000,2026-01-22,0.07,Other,Post-IPO,0.0,United States,2026,1,January,2026-01
Polygon,60,2026-01-16,,Crypto,Unknown,451.0,Cayman Islands,2026,1,January,2026-01
Ericsson,1600,2026-01-15,,Other,Post-IPO,663.0,Sweden,2026,1,January,2026-01
Tipalti,100,2026-01-15,,Finance,Series F,565.0,United States,2026,1,January,2026-01
Playtika,500,2026-01-14,0.15,Consumer,Post-IPO,0.0,Israel,2026,1,January,2026-01
Aleph Alpha,50,2026-01-14,0.16,Ai,Series B,534.0,Germany,2026,1,January,2026-01
Meta,1500,2026-01-13,0.02,Consumer,Post-IPO,26000.0,United States,2026,1,January,2026-01
eToro,105,2026-01-13,0.07,Finance,Unknown,322.0,Israel,2026,1,January,2026-01
MercadoLibre,116,2026-01-12,,Retail,Post-IPO,5100.0,Brazil,2026,1,January,2026-01
FormFactor,220,2026-01-09,0.11,Manufacturing,Post-IPO,15.0,United States,2026,1,January,2026-01
Kaseya,250,2026-01-08,0.05,Security,Private Equity,547.0,United States,2026,1,January,2026-01
Hailo,30,2026-01-08,0.1,Manufacturing,Series C,344.0,Israel,2026,1,January,2026-01
Foretellix,29,2026-01-08,0.18,Transportation,Series C,132.0,Israel,2026,1,January,2026-01
Tailwind Labs,3,2026-01-08,,Product,Unknown,0.0,United States,2026,1,January,2026-01
Angi,350,2026-01-07,,Consumer,Post-IPO,180.0,United States,2026,1,January,2026-01
Multiverse,55,2026-01-05,,Education,Series D,414.0,United Kingdom,2026,1,January,2026-01
Sapiens,700,2025-12-28,0.15,Finance,Acquired,88.0,Israel,2025,12,December,2025-12
Yellow.ai,100,2025-12-23,0.3,Support,Series C,102.0,United States,2025,12,December,2025-12
Amazon,84,2025-12-15,,Retail,Post-IPO,8100.0,United States,2025,12,December,2025-12
EyeEm,0,2025-12-11,1.0,Other,Acquired,24.0,Germany,2025,12,December,2025-12
Lusha,24,2025-12-10,0.08,Sales,Series B,245.0,United States,2025,12,December,2025-12
Tenstorrent,80,2025-12-09,0.07,Hardware,Series D,1000.0,Canada,2025,12,December,2025-12
Whatfix,60,2025-12-09,0.06,Ai,Series E,265.0,India,2025,12,December,2025-12
VSCO,24,2025-12-09,,Consumer,Series B,90.0,United States,2025,12,December,2025-12
GenWise,0,2025-12-09,1.0,Other,Seed,3.0,India,2025,12,December,2025-12
Mobileye,200,2025-12-08,0.04,Transportation,Post-IPO,2100.0,Israel,2025,12,December,2025-12
Payoneer,60,2025-12-08,0.06,Finance,Post-IPO,0.0,United States,2025,12,December,2025-12
Teads,180,2025-12-04,0.1,Marketing,Unknown,123.0,United States,2025,12,December,2025-12
Cellebrite,20,2025-12-03,0.01,Other,Post-IPO,410.0,Israel,2025,12,December,2025-12
Aqua Security,20,2025-12-01,,Security,Series E,325.0,United States,2025,12,December,2025-12
Inbound Health,0,2025-12-01,1.0,Healthcare,Series B,50.0,United States,2025,12,December,2025-12
Junglee Games,350,2025-11-26,,Consumer,Seed,3.0,India,2025,11,November,2025-11
HP,4000,2025-11-25,,Hardware,Post-IPO,0.0,United States,2025,11,November,2025-11
ezCater,40,2025-11-21,0.04,Food,Series D,319.0,United States,2025,11,November,2025-11
Monarch Tractor,102,2025-11-19,,Other,Unknown,214.0,United States,2025,11,November,2025-11
Pleo,100,2025-11-19,0.12,Finance,Series C,428.0,Denmark,2025,11,November,2025-11
UKG,300,2025-11-18,,Hr,Unknown,0.0,Uruguay,2025,11,November,2025-11
Culture Amp,60,2025-11-18,0.06,Hr,Series F,257.0,Australia,2025,11,November,2025-11
Veson Nautical,0,2025-11-18,0.2,Other,Private Equity,0.0,United States,2025,11,November,2025-11
Playtika,700,2025-11-17,0.2,Consumer,Post-IPO,0.0,Israel,2025,11,November,2025-11
Pipe,200,2025-11-16,0.5,Finance,Series D,453.0,United States,2025,11,November,2025-11
Flipkart,40,2025-11-16,,Retail,Acquired,12900.0,India,2025,11,November,2025-11
BharatAgri,37,2025-11-13,1.0,Food,Series A,21.0,India,2025,11,November,2025-11
Synopsys,2000,2025-11-12,0.1,Other,Post-IPO,0.0,United States,2025,11,November,2025-11
Deepwatch,80,2025-11-12,0.32,Security,Series C,256.0,United States,2025,11,November,2025-11
GamesKraft,280,2025-11-10,,Consumer,Unknown,0.0,India,2025,11,November,2025-11
Sonder,0,2025-11-10,1.0,Travel,Post-IPO,839.0,United States,2025,11,November,2025-11
Axonius,100,2025-11-06,0.11,Security,Series E,865.0,United States,2025,11,November,2025-11
MyBambu,141,2025-11-05,1.0,Finance,Unknown,15.0,United States,2025,11,November,2025-11
Hewlett Packard Enterprise,52,2025-11-05,,Hardware,Post-IPO,1400.0,United States,2025,11,November,2025-11
TripAdvisor,0,2025-11-05,0.2,Travel,Post-IPO,3.0,United States,2025,11,November,2025-11
Porter,350,2025-11-04,0.18,Logistics,Series F,357.0,India,2025,11,November,2025-11
Personio,165,2025-10-29,0.1,Hr,Series E,724.0,Germany,2025,10,October,2025-10
Amazon,14000,2025-10-27,0.01,Retail,Post-IPO,8100.0,United States,2025,10,October,2025-10
Chegg,388,2025-10-27,0.45,Education,Post-IPO,227.0,United States,2025,10,October,2025-10
Lightricks,85,2025-10-27,0.15,Consumer,Series D,335.0,Israel,2025,10,October,2025-10
Medtronic,60,2025-10-27,,Healthcare,Post-IPO,5900.0,United States,2025,10,October,2025-10
Hootsuite,0,2025-10-27,0.2,Marketing,Series C,300.0,Canada,2025,10,October,2025-10
Robin AI,0,2025-10-24,0.33,Legal,Series B,68.0,United Kingdom,2025,10,October,2025-10
Applied Material,1400,2025-10-23,0.04,Manufacturing,Post-IPO,2100.0,United States,2025,10,October,2025-10
Rivian,600,2025-10-23,0.04,Transportation,Post-IPO,10700.0,United States,2025,10,October,2025-10
Kaseya,200,2025-10-23,,Security,Private Equity,547.0,United States,2025,10,October,2025-10
Altruist,50,2025-10-23,0.15,Finance,Series E,449.0,United States,2025,10,October,2025-10
Meta,600,2025-10-22,,Consumer,Post-IPO,26000.0,United States,2025,10,October,2025-10
Ludeo,25,2025-10-20,0.5,Consumer,Series A,42.0,United States,2025,10,October,2025-10
Zepto,300,2025-10-18,0.05,Retail,Series H,2600.0,India,2025,10,October,2025-10
Broadcom,247,2025-10-17,,Hardware,Post-IPO,0.0,United States,2025,10,October,2025-10
Tia,0,2025-10-17,0.23,Healthcare,Series B,133.0,United States,2025,10,October,2025-10
Bill.com,0,2025-10-15,0.06,Finance,Post-IPO,280.0,United States,2025,10,October,2025-10
Handshake,100,2025-10-14,0.15,Recruiting,Series F,434.0,United States,2025,10,October,2025-10
Smartsheet,120,2025-10-02,,Other,Post-IPO,152.0,United States,2025,10,October,2025-10
Google,50,2025-10-02,,Consumer,Post-IPO,26.0,United States,2025,10,October,2025-10
Paycom,500,2025-10-01,,Hr,Post-IPO,0.0,United States,2025,10,October,2025-10
Google,100,2025-10-01,,Consumer,Post-IPO,26.0,United States,2025,10,October,2025-10
Simpl,80,2025-10-01,,Finance,Series B,72.0,India,2025,10,October,2025-10
Just Eat,450,2025-09-25,0.05,Food,Acquired,129.0,Netherlands,2025,9,September,2025-09
GamesKraft,120,2025-09-18,,Consumer,Unknown,0.0,India,2025,9,September,2025-09
ZipRecruiter,80,2025-09-16,,Recruiting,Post-IPO,769.0,United States,2025,9,September,2025-09
Fiverr,250,2025-09-15,0.3,Other,Post-IPO,111.0,Israel,2025,9,September,2025-09
Hike,0,2025-09-13,1.0,Consumer,Unknown,261.0,India,2025,9,September,2025-09
xAI,500,2025-09-12,,Ai,Unknown,22700.0,United States,2025,9,September,2025-09
Zupee,170,2025-09-11,0.3,Consumer,Series B,121.0,India,2025,9,September,2025-09
Atlassian,200,2025-09-10,,Other,Post-IPO,210.0,Australia,2025,9,September,2025-09
Verbit,22,2025-09-10,,Data,Series E,569.0,United States,2025,9,September,2025-09
Microsoft,42,2025-09-08,,Other,Post-IPO,1.0,United States,2025,9,September,2025-09
Rivian,200,2025-09-05,0.01,Transportation,Post-IPO,10700.0,United States,2025,9,September,2025-09
Head Digital Works,500,2025-09-04,,Consumer,Private Equity,74.0,India,2025,9,September,2025-09
Salesforce,262,2025-09-04,,Sales,Post-IPO,65.0,United States,2025,9,September,2025-09
Oracle,254,2025-09-04,,Other,Post-IPO,0.0,United States,2025,9,September,2025-09
GupShup,100,2025-09-04,,Other,Series F,484.0,India,2025,9,September,2025-09
Bobble AI,50,2025-09-04,,Consumer,Unknown,59.0,India,2025,9,September,2025-09
Oracle,101,2025-09-03,,Other,Post-IPO,0.0,United States,2025,9,September,2025-09
Salesforce,93,2025-09-03,,Sales,Post-IPO,65.0,United States,2025,9,September,2025-09
Salesforce,30,2025-09-03,,Sales,Post-IPO,65.0,United States,2025,9,September,2025-09
The Gist,0,2025-09-03,1.0,Other,Seed,7.0,Israel,2025,9,September,2025-09
theGist,0,2025-09-03,1.0,Other,Seed,7.0,Israel,2025,9,September,2025-09
Vimeo,0,2025-09-03,0.1,Consumer,Post-IPO,450.0,United States,2025,9,September,2025-09
Games 24x7,400,2025-09-01,,Consumer,Unknown,75.0,India,2025,9,September,2025-09
Mobile Premier League,300,2025-09-01,,Consumer,Series E,375.0,India,2025,9,September,2025-09
Krutrim,50,2025-09-01,,Ai,Unknown,304.0,India,2025,9,September,2025-09
Salesforce,4000,2025-08-31,,Sales,Post-IPO,65.0,United States,2025,8,August,2025-08
Flip,0,2025-08-29,1.0,Consumer,Series C,294.0,United States,2025,8,August,2025-08
Rec Room,141,2025-08-27,,Consumer,Series F,294.0,United States,2025,8,August,2025-08
BeepKart,150,2025-08-23,1.0,Retail,Series A,19.0,India,2025,8,August,2025-08
Cisco,221,2025-08-19,,Infrastructure,Post-IPO,2.0,United States,2025,8,August,2025-08
Oracle,101,2025-08-19,,Other,Post-IPO,0.0,United States,2025,8,August,2025-08
Kyte,0,2025-08-15,1.0,Transportation,Unknown,548.0,United States,2025,8,August,2025-08
Restaurant365,100,2025-08-14,0.09,Food,Series C,127.0,United States,2025,8,August,2025-08
Oracle,289,2025-08-13,,Other,Post-IPO,0.0,United States,2025,8,August,2025-08
Oracle,188,2025-08-13,,Other,Post-IPO,0.0,United States,2025,8,August,2025-08
Oracle,161,2025-08-13,,Other,Post-IPO,0.0,United States,2025,8,August,2025-08
F5,106,2025-08-13,0.02,Security,Post-IPO,0.0,United States,2025,8,August,2025-08
Micron,300,2025-08-12,,Hardware,Post-IPO,50.0,United States,2025,8,August,2025-08
BenchSci,83,2025-08-12,0.23,Healthcare,Series D,164.0,Canada,2025,8,August,2025-08
Kaltura,70,2025-08-07,0.1,Media,Post-IPO,166.0,United States,2025,8,August,2025-08
Nextdoor,67,2025-08-07,0.12,Consumer,Post-IPO,736.0,United States,2025,8,August,2025-08
Peloton,0,2025-08-07,0.06,Fitness,Post-IPO,1900.0,United States,2025,8,August,2025-08
Yotpo,200,2025-08-05,0.34,Marketing,Unknown,436.0,United States,2025,8,August,2025-08
Windsurf,30,2025-08-05,,Ai,Acquired,243.0,United States,2025,8,August,2025-08
Wondery,100,2025-08-04,,Media,Acquired,15.0,United States,2025,8,August,2025-08
Clear,145,2025-08-01,0.16,Finance,Series C,140.0,India,2025,8,August,2025-08
Atlassian,150,2025-07-30,,Other,Post-IPO,210.0,Australia,2025,7,July,2025-07
Astra,106,2025-07-28,1.0,Sales,Unknown,0.0,India,2025,7,July,2025-07
Krutrim,100,2025-07-28,,Ai,Unknown,304.0,India,2025,7,July,2025-07
Eyeo,0,2025-07-28,0.4,,Unknown,0.0,Germany,2025,7,July,2025-07
Ohm Mobility,0,2025-07-24,1.0,Transportation,Seed,0.0,India,2025,7,July,2025-07
PlaxidityX,65,2025-07-23,0.36,Security,Acquired,25.0,Israel,2025,7,July,2025-07
ConsenSys,47,2025-07-22,0.07,Crypto,Series D,726.0,United States,2025,7,July,2025-07
Zeen,0,2025-07-21,1.0,Consumer,Unknown,9.0,United States,2025,7,July,2025-07
Rocket Companies,0,2025-07-18,0.02,Real Estate,Post-IPO,5200.0,United States,2025,7,July,2025-07
TytoCare,35,2025-07-17,0.22,Healthcare,Series E,206.0,United States,2025,7,July,2025-07
Amicole,0,2025-07-17,1.0,Retail,Seed,5.0,United States,2025,7,July,2025-07
CodeParrot,0,2025-07-17,1.0,Product,Seed,0.0,India,2025,7,July,2025-07
Scale AI,200,2025-07-16,0.14,Data,Series E,602.0,United States,2025,7,July,2025-07
Lenovo,100,2025-07-16,0.03,Hardware,Post-IPO,850.0,United States,2025,7,July,2025-07
Jamf,166,2025-07-15,0.06,Other,Post-IPO,332.0,United States,2025,7,July,2025-07
King.com,200,2025-07-14,,Consumer,Acquired,84.0,Sweden,2025,7,July,2025-07
Blip,0,2025-07-12,1.0,Retail,Unknown,0.0,India,2025,7,July,2025-07
Intel,5000,2025-07-11,,Hardware,Post-IPO,12.0,United States,2025,7,July,2025-07
Indeed + Glassdoor,1300,2025-07-10,,Hr,Acquired,5.0,United States,2025,7,July,2025-07
Augury,60,2025-07-10,0.18,Manufacturing,Series E,274.0,United States,2025,7,July,2025-07
Eigen Labs,29,2025-07-08,0.25,Crypto,Unknown,234.0,United States,2025,7,July,2025-07
Nayax,70,2025-07-07,0.06,Finance,Post-IPO,245.0,Israel,2025,7,July,2025-07
Subtl AI,0,2025-07-03,1.0,Ai,Seed,0.0,India,2025,7,July,2025-07
Microsoft,9000,2025-07-02,0.04,Other,Post-IPO,1.0,United States,2025,7,July,2025-07
Retrain.ai,20,2025-07-02,1.0,Hr,Unknown,34.0,Israel,2025,7,July,2025-07
Okra,0,2025-07-02,1.0,Finance,Series A,12.0,Nigeria,2025,7,July,2025-07
TomTom,300,2025-06-30,0.1,Other,Post-IPO,430.0,Netherlands,2025,6,June,2025-06
Rivian,140,2025-06-26,0.01,Transportation,Post-IPO,10700.0,United States,2025,6,June,2025-06
Bumble,240,2025-06-25,0.3,Consumer,Post-IPO,313.0,United States,2025,6,June,2025-06
Klue,85,2025-06-25,0.4,Sales,Series B,83.0,Canada,2025,6,June,2025-06
Google,75,2025-06-24,,Consumer,Post-IPO,26.0,United States,2025,6,June,2025-06
Pluralsight,0,2025-06-24,0.17,Education,Acquired,192.0,United States,2025,6,June,2025-06
Khoros,116,2025-06-20,,Sales,Private Equity,138.0,United States,2025,6,June,2025-06
Sabi,50,2025-06-19,0.2,Retail,Series B,66.0,Nigeria,2025,6,June,2025-06
Salto,30,2025-06-10,0.5,Other,Series B,69.0,Israel,2025,6,June,2025-06
ZoomInfo,150,2025-06-09,0.04,Sales,Post-IPO,7.0,Canada,2025,6,June,2025-06
Playtika,90,2025-06-05,,Consumer,Post-IPO,0.0,Israel,2025,6,June,2025-06
Airtime,25,2025-06-04,0.43,Consumer,Series B,33.0,United States,2025,6,June,2025-06
Microsoft,305,2025-06-02,0.03,Other,Post-IPO,1.0,United States,2025,6,June,2025-06
Hims & Hers,68,2025-05-30,0.04,Healthcare,Post-IPO,1200.0,United States,2025,5,May,2025-05
Business Insider,0,2025-05-29,0.2,Media,Acquired,56.0,United States,2025,5,May,2025-05
eBay,200,2025-05-28,,Retail,Post-IPO,1200.0,Israel,2025,5,May,2025-05
Cars24,120,2025-05-27,,Transportation,Series G,1300.0,India,2025,5,May,2025-05
nCino,0,2025-05-27,0.07,Finance,Post-IPO,1100.0,United States,2025,5,May,2025-05
Otipy,300,2025-05-23,1.0,Food,Series B,44.0,India,2025,5,May,2025-05
LeddarTech,138,2025-05-22,0.95,Transportation,Post-IPO,402.0,Canada,2025,5,May,2025-05
Climeworks,106,2025-05-21,0.22,Energy,Private Equity,734.0,Switzerland,2025,5,May,2025-05
Builder.ai,0,2025-05-20,1.0,Ai,Series D,445.0,United Kingdom,2025,5,May,2025-05
Blink Charging,0,2025-05-19,0.2,Other,Post-IPO,110.0,United States,2025,5,May,2025-05
VerSe Innovation copy,350,2025-05-18,,Media,Series J,1700.0,India,2025,5,May,2025-05
GroundGame Health,97,2025-05-15,,Healthcare,Series A,17.0,United States,2025,5,May,2025-05
Noogata,10,2025-05-15,1.0,Ai,Series A,28.0,Israel,2025,5,May,2025-05
Amazon,100,2025-05-14,,Retail,Post-IPO,8100.0,United States,2025,5,May,2025-05
Microsoft,6000,2025-05-13,0.03,Other,Post-IPO,1.0,United States,2025,5,May,2025-05
Chegg,248,2025-05-12,0.22,Education,Post-IPO,227.0,United States,2025,5,May,2025-05
Match Group,325,2025-05-08,0.13,Consumer,Post-IPO,0.0,United States,2025,5,May,2025-05
CrowdStrike,500,2025-05-07,0.05,Security,Post-IPO,1200.0,United States,2025,5,May,2025-05
Games 24x7,180,2025-05-07,,Consumer,Unknown,75.0,India,2025,5,May,2025-05
OpenText,1600,2025-05-06,,Data,Post-IPO,1100.0,Canada,2025,5,May,2025-05
GenWise,15,2025-05-05,0.2,Other,Seed,3.0,India,2025,5,May,2025-05
General Fusion,0,2025-05-05,0.25,Energy,Unknown,370.0,Canada,2025,5,May,2025-05
Deep Instinct,20,2025-05-04,0.1,Security,Unknown,322.0,Israel,2025,5,May,2025-05
Log 9 Materials,0,2025-05-02,1.0,Manufacturing,Series B,32.0,India,2025,5,May,2025-05
Beam,200,2025-05-01,1.0,Other,Unknown,0.0,United Kingdom,2025,5,May,2025-05
NetApp,700,2025-04-30,0.06,Data,Post-IPO,0.0,United States,2025,4,April,2025-04
Electronic Arts,300,2025-04-29,,Consumer,Post-IPO,2.0,United States,2025,4,April,2025-04
Stem,0,2025-04-29,0.27,Energy,Post-IPO,583.0,United States,2025,4,April,2025-04
Expedia,0,2025-04-28,0.03,Travel,Post-IPO,3300.0,United States,2025,4,April,2025-04
Tomorrow,0,2025-04-28,1.0,Hardware,Unknown,0.0,United States,2025,4,April,2025-04
Cars24,200,2025-04-26,,Transportation,Series G,1300.0,India,2025,4,April,2025-04
Cars24,200,2025-04-26,,Transportation,Series G,1300.0,India,2025,4,April,2025-04
SambaNova,77,2025-04-25,0.15,Ai,Series D,1100.0,United States,2025,4,April,2025-04
Meta,100,2025-04-24,,Consumer,Post-IPO,26000.0,United States,2025,4,April,2025-04
Intel,22000,2025-04-23,0.2,Hardware,Post-IPO,12.0,United States,2025,4,April,2025-04
Zopper,100,2025-04-17,,Finance,Series D,125.0,India,2025,4,April,2025-04
Turo,150,2025-04-16,0.17,Transportation,Series E,467.0,United States,2025,4,April,2025-04
AppLovin,97,2025-04-16,,Marketing,Post-IPO,1600.0,United States,2025,4,April,2025-04
Smashing,7,2025-04-16,1.0,Consumer,Seed,3.0,United States,2025,4,April,2025-04
GupShup,200,2025-04-15,,Other,Series F,484.0,India,2025,4,April,2025-04
Forto,200,2025-04-12,,Logistics,Series D,593.0,Germany,2025,4,April,2025-04
Marin Software,0,2025-04-10,1.0,Marketing,Post-IPO,99.0,United States,2025,4,April,2025-04
Wing Cloud,0,2025-04-09,1.0,Infrastructure,Seed,0.0,Israel,2025,4,April,2025-04
Coho AI,0,2025-04-06,1.0,Sales,Seed,8.0,Israel,2025,4,April,2025-04
Five9,123,2025-04-03,0.04,Support,Post-IPO,862.0,United States,2025,4,April,2025-04
Automattic,281,2025-04-02,0.16,Other,Series E,986.0,United States,2025,4,April,2025-04
Canva,10,2025-04-02,,Consumer,Unknown,2500.0,Australia,2025,4,April,2025-04
WhyHive,0,2025-04-02,1.0,Data,Seed,0.0,Australia,2025,4,April,2025-04
Zomato,600,2025-04-01,,Food,Series J,914.0,India,2025,4,April,2025-04
Northvolt,2800,2025-03-31,0.62,Energy,Unknown,13800.0,Sweden,2025,3,March,2025-03
Palantir,120,2025-03-27,,Data,Post-IPO,3000.0,United States,2025,3,March,2025-03
Block,931,2025-03-25,0.08,Finance,Post-IPO,150.0,United States,2025,3,March,2025-03
Niantic,68,2025-03-25,,Other,Series D,770.0,United States,2025,3,March,2025-03
Prefect,20,2025-03-25,,Data,Series B,47.0,United States,2025,3,March,2025-03
Brightcove,198,2025-03-19,0.33,Marketing,Acquired,145.0,United States,2025,3,March,2025-03
Acxiom,130,2025-03-19,0.03,Marketing,Post-IPO,0.0,United States,2025,3,March,2025-03
HelloFresh,273,2025-03-17,,Food,Post-IPO,367.0,United States,2025,3,March,2025-03
Otorio,45,2025-03-17,0.56,Security,Acquired,0.0,Israel,2025,3,March,2025-03
ActiveFence,22,2025-03-13,0.07,Security,Series B,100.0,United States,2025,3,March,2025-03
D-ID,22,2025-03-10,0.25,Ai,Series B,48.0,Israel,2025,3,March,2025-03
Arrival,0,2025-03-10,1.0,Transportation,Post-IPO,629.0,United Kingdom,2025,3,March,2025-03
Wayfair,340,2025-03-07,,Retail,Post-IPO,1700.0,Germany,2025,3,March,2025-03
Hewlett Packard Enterprise,2500,2025-03-06,0.05,Hardware,Post-IPO,1400.0,United States,2025,3,March,2025-03
TikTok,300,2025-03-06,,Consumer,Acquired,0.0,Ireland,2025,3,March,2025-03
LiveRamp,65,2025-03-05,0.05,Marketing,Post-IPO,16.0,United States,2025,3,March,2025-03
Ola Electric,1000,2025-03-03,,Transportation,Post-IPO,1700.0,India,2025,3,March,2025-03
Rec Room,0,2025-03-03,0.16,Consumer,Series F,294.0,United States,2025,3,March,2025-03
ANS Commerce,0,2025-03-02,1.0,Retail,Acquired,2.0,India,2025,3,March,2025-03
HP,4000,2025-02-28,0.1,Hardware,Post-IPO,0.0,United States,2025,2,February,2025-02
Grubhub,500,2025-02-28,0.23,Food,Acquired,284.0,United States,2025,2,February,2025-02
Autodesk,1350,2025-02-27,0.09,Other,Post-IPO,0.0,United States,2025,2,February,2025-02
Digimarc,90,2025-02-27,0.4,Other,Post-IPO,105.0,United States,2025,2,February,2025-02
Flywire,125,2025-02-26,,Finance,Series E,263.0,United States,2025,2,February,2025-02
eBay,20,2025-02-26,,Retail,Post-IPO,1200.0,Israel,2025,2,February,2025-02
Commercetools,0,2025-02-26,0.1,Retail,Series C,119.0,Germany,2025,2,February,2025-02
Dayforce,0,2025-02-26,0.05,Hr,Post-IPO,40.0,Canada,2025,2,February,2025-02
Skybox Security,300,2025-02-24,1.0,Security,Private Equity,335.0,United States,2025,2,February,2025-02
HerMD,0,2025-02-24,1.0,Healthcare,Series A,28.0,United States,2025,2,February,2025-02
Ibotta,70,2025-02-22,0.08,Retail,Post-IPO,93.0,United States,2025,2,February,2025-02
Zendesk,51,2025-02-21,,Support,Acquired,85.0,United States,2025,2,February,2025-02
Electriq Global,0,2025-02-21,1.0,Energy,Unknown,8.0,Israel,2025,2,February,2025-02
SeatGeek,150,2025-02-20,0.15,Consumer,Series E,400.0,United States,2025,2,February,2025-02
Vendease,120,2025-02-19,0.44,Food,Series A,43.0,Nigeria,2025,2,February,2025-02
Logically,40,2025-02-17,0.2,Ai,Series A,37.0,United Kingdom,2025,2,February,2025-02
Blue Origin,1000,2025-02-13,0.1,Aerospace,Unknown,167.0,United States,2025,2,February,2025-02
Metro Africa Xpress,150,2025-02-13,,Logistics,Unknown,64.0,Nigeria,2025,2,February,2025-02
Sophos,0,2025-02-13,0.06,Security,Acquired,125.0,United Kingdom,2025,2,February,2025-02
Redfin,450,2025-02-12,,Real Estate,Post-IPO,320.0,United States,2025,2,February,2025-02
Zepz,200,2025-02-12,0.2,Finance,Series E,700.0,United Kingdom,2025,2,February,2025-02
Meta,3600,2025-02-10,0.05,Consumer,Post-IPO,26000.0,United States,2025,2,February,2025-02
Wise,300,2025-02-10,,Finance,Post-IPO,300.0,United States,2025,2,February,2025-02
Justworks,200,2025-02-10,,Hr,Unknown,160.0,United States,2025,2,February,2025-02
MessageBird,120,2025-02-10,0.33,Other,Series C,1100.0,Netherlands,2025,2,February,2025-02
Sprinklr,500,2025-02-06,0.15,Support,Post-IPO,429.0,United States,2025,2,February,2025-02
NanoLock,0,2025-02-06,1.0,Security,Series B,18.0,Israel,2025,2,February,2025-02
Workday,1750,2025-02-05,0.08,Hr,Post-IPO,230.0,United States,2025,2,February,2025-02
Gemini,200,2025-02-05,,Crypto,Unknown,423.0,United States,2025,2,February,2025-02
Outbrain,200,2025-02-05,,Marketing,Post-IPO,394.0,United States,2025,2,February,2025-02
Sonos,200,2025-02-05,0.12,Consumer,Post-IPO,455.2,United States,2025,2,February,2025-02
SRTX,140,2025-02-05,,Manufacturing,Unknown,151.0,Canada,2025,2,February,2025-02
Tabnine,15,2025-02-05,0.18,Ai,Series B,57.0,Israel,2025,2,February,2025-02
Hugging Face,10,2025-02-05,0.04,Ai,Series D,395.0,United States,2025,2,February,2025-02
Cruise,1000,2025-02-04,0.5,Transportation,Acquired,15000.0,United States,2025,2,February,2025-02
Okta,180,2025-02-04,0.03,Security,Post-IPO,1200.0,United States,2025,2,February,2025-02
AppsFlyer,100,2025-02-04,0.07,Data,Unknown,293.0,United States,2025,2,February,2025-02
Asana,100,2025-02-04,,Other,Post-IPO,453.0,United States,2025,2,February,2025-02
TripAdvisor,75,2025-02-04,,Travel,Post-IPO,3.0,United States,2025,2,February,2025-02
Intel,58,2025-02-04,,Hardware,Post-IPO,12.0,United States,2025,2,February,2025-02
Innoviz,40,2025-02-04,0.09,Transportation,Post-IPO,547.0,Israel,2025,2,February,2025-02
Salesforce,1000,2025-02-03,0.01,Sales,Post-IPO,65.0,United States,2025,2,February,2025-02
Sure,70,2025-02-03,,Finance,Series C,123.0,United States,2025,2,February,2025-02
Cushion,0,2025-01-30,1.0,Finance,Series A,20.0,United States,2025,1,January,2025-01
Placer.ai,150,2025-01-29,0.18,Data,Unknown,267.0,United States,2025,1,January,2025-01
Digital River,122,2025-01-28,,Retail,Private Equity,50.0,United States,2025,1,January,2025-01
Aurora Labs,45,2025-01-27,0.6,Transportation,Series C,97.0,Israel,2025,1,January,2025-01
Stripe,300,2025-01-21,0.03,Finance,Series I,8700.0,United States,2025,1,January,2025-01
Unbabel,66,2025-01-20,0.25,Support,Series C,91.0,Portugal,2025,1,January,2025-01
Chrono24,110,2025-01-16,0.24,Retail,Series C,205.0,Germany,2025,1,January,2025-01
Pocket FM,75,2025-01-16,,Media,Series D,212.0,India,2025,1,January,2025-01
Aurora Solar,58,2025-01-16,,Energy,Series D,523.0,United States,2025,1,January,2025-01
HeyJobs,90,2025-01-15,,Recruiting,Series B,62.0,Germany,2025,1,January,2025-01
AppLovin,89,2025-01-15,,Marketing,Post-IPO,1600.0,United States,2025,1,January,2025-01
ShareChat,27,2025-01-15,0.05,Marketing,Series D,222.0,India,2025,1,January,2025-01
Textio,15,2025-01-15,,Recruiting,Unknown,42.0,United States,2025,1,January,2025-01
Advisor Credit Exchange,0,2025-01-14,1.0,Finance,Unknown,31.0,United States,2025,1,January,2025-01
Alza,0,2025-01-13,1.0,Finance,Seed,7.0,United States,2025,1,January,2025-01
Boozt,0,2025-01-13,0.1,Retail,Post-IPO,56.0,Sweden,2025,1,January,2025-01
Wayfair,730,2025-01-10,0.03,Retail,Post-IPO,1700.0,Germany,2025,1,January,2025-01
Pandion,63,2025-01-10,1.0,Logistics,Series B,76.0,United States,2025,1,January,2025-01
Icon,114,2025-01-09,,Construction,Series B,451.0,United States,2025,1,January,2025-01
Redfin,46,2025-01-09,,Real Estate,Post-IPO,320.0,United States,2025,1,January,2025-01
Altruist,37,2025-01-07,0.1,Finance,Series E,449.0,United States,2025,1,January,2025-01
SolarEdge,400,2025-01-06,,Energy,Post-IPO,155.0,Israel,2025,1,January,2025-01
Level,0,2025-01-02,1.0,Finance,Series B,27.0,United States,2025,1,January,2025-01
GupShup,300,2024-12-31,,Other,Series F,484.0,India,2024,12,December,2024-12
Brave Care,0,2024-12-31,1.0,Healthcare,Series B,43.0,United States,2024,12,December,2024-12
Epicery,0,2024-12-31,1.0,Food,Acquired,7.0,France,2024,12,December,2024-12
Bench,450,2024-12-27,1.0,Finance,Series C,109.0,Canada,2024,12,December,2024-12
Lilium,1000,2024-12-23,1.0,Aerospace,Post-IPO,1400.0,Germany,2024,12,December,2024-12
BionicHIVE,0,2024-12-22,1.0,Hardware,Unknown,0.0,Israel,2024,12,December,2024-12
Thrive,0,2024-12-14,1.0,Food,Series A,0.0,India,2024,12,December,2024-12
Cint,0,2024-12-12,0.12,Data,Post-IPO,17.0,Sweden,2024,12,December,2024-12
Foundry,74,2024-12-11,0.27,Crypto,Subsidiary,0.0,United States,2024,12,December,2024-12
Calendly,70,2024-12-11,0.13,Other,Series B,351.0,United States,2024,12,December,2024-12
Canoo,20,2024-12-11,,Transportation,Post-IPO,300.0,United States,2024,12,December,2024-12
OfferUp,0,2024-12-11,0.22,Retail,Unknown,381.0,United States,2024,12,December,2024-12
Bluevine,100,2024-12-10,0.18,Finance,Unknown,769.0,Israel,2024,12,December,2024-12
EasyKnock,0,2024-12-09,1.0,Real Estate,Series D,440.0,United States,2024,12,December,2024-12
Carousell,76,2024-12-06,0.07,Retail,Unknown,375.0,Singapore,2024,12,December,2024-12
Mixtroz,0,2024-12-06,1.0,Other,Seed,2.0,United States,2024,12,December,2024-12
Circle,50,2024-12-05,0.06,Crypto,Private Equity,1100.0,United States,2024,12,December,2024-12
Stash,88,2024-12-04,0.4,Finance,Unknown,480.0,United States,2024,12,December,2024-12
Booking Holdings,60,2024-12-04,,Travel,Post-IPO,2800.0,United States,2024,12,December,2024-12
Skai,80,2024-12-03,0.14,Marketing,Series E,60.0,Israel,2024,12,December,2024-12
Lightspeed Commerce,200,2024-12-02,,Retail,Post-IPO,1200.0,Canada,2024,12,December,2024-12
Kobo360,30,2024-11-30,,Logistics,Series B,85.0,Nigeria,2024,11,November,2024-11
Klub,60,2024-11-29,,Finance,Unknown,35.0,India,2024,11,November,2024-11
SolarEdge,500,2024-11-27,0.12,Energy,Post-IPO,155.0,Israel,2024,11,November,2024-11
AlphaSense,150,2024-11-27,0.08,Other,Series F,1400.0,United States,2024,11,November,2024-11
Ola Electric,500,2024-11-22,,Transportation,Post-IPO,1700.0,India,2024,11,November,2024-11
Adjust,304,2024-11-22,,Marketing,Acquired,256.0,Germany,2024,11,November,2024-11
LinkedIn,202,2024-11-21,0.01,Recruiting,Acquired,154.0,United States,2024,11,November,2024-11
Headspace,0,2024-11-20,0.13,Healthcare,Unknown,216.0,United States,2024,11,November,2024-11
TrueLayer,71,2024-11-15,0.25,Finance,Series E,321.0,United Kingdom,2024,11,November,2024-11
Better Collective,300,2024-11-14,,Other,Unknown,0.0,Denmark,2024,11,November,2024-11
Kuku FM,80,2024-11-14,,Media,Series C,71.0,India,2024,11,November,2024-11
AMD,1000,2024-11-13,0.04,Hardware,Post-IPO,0.0,United States,2024,11,November,2024-11
AppLovin,120,2024-11-13,,Marketing,Post-IPO,1600.0,United States,2024,11,November,2024-11
Chegg,319,2024-11-12,0.21,Education,Post-IPO,227.0,United States,2024,11,November,2024-11
Forward,200,2024-11-12,1.0,Healthcare,Series E,325.0,United States,2024,11,November,2024-11
Lyra Health,77,2024-11-12,0.02,Healthcare,Series F,910.0,United States,2024,11,November,2024-11
Stoa,0,2024-11-12,1.0,Education,Seed,0.0,India,2024,11,November,2024-11
Enphase Energy,500,2024-11-11,0.17,Energy,Post-IPO,116.0,United States,2024,11,November,2024-11
23andMe,200,2024-11-11,0.4,Healthcare,Post-IPO,1100.0,United States,2024,11,November,2024-11
Sword Health,13,2024-11-11,,Healthcare,Unknown,450.0,United States,2024,11,November,2024-11
Monarch Tractor,35,2024-11-08,0.1,Other,Unknown,214.0,United States,2024,11,November,2024-11
Exosonic,0,2024-11-08,1.0,Aerospace,Seed,4.0,United States,2024,11,November,2024-11
Freshworks,660,2024-11-07,0.13,Support,Post-IPO,484.0,United States,2024,11,November,2024-11
Just Eat,300,2024-11-07,0.02,Food,Acquired,129.0,Netherlands,2024,11,November,2024-11
Opendoor,300,2024-11-07,0.17,Real Estate,Post-IPO,1900.0,United States,2024,11,November,2024-11
Akamai,250,2024-11-07,0.02,Security,Post-IPO,35.0,United States,2024,11,November,2024-11
ShareFile,199,2024-11-07,,Other,Acquired,0.0,United States,2024,11,November,2024-11
Personio,115,2024-11-07,0.06,Hr,Series E,724.0,Germany,2024,11,November,2024-11
iRobot,105,2024-11-06,0.16,Consumer,Post-IPO,30.0,United States,2024,11,November,2024-11
Outreach,67,2024-11-06,0.09,Sales,Series G,489.0,United States,2024,11,November,2024-11
Mozilla Foundation,0,2024-11-05,0.3,Consumer,Subsidiary,2.3,United States,2024,11,November,2024-11
Incredibuild,18,2024-11-04,0.11,Product,Acquired,35.0,Israel,2024,11,November,2024-11
Atera,20,2024-11-03,0.06,Other,Series B,102.0,Israel,2024,11,November,2024-11
Maven Clinic,60,2024-11-01,0.1,Healthcare,Series F,417.0,United States,2024,11,November,2024-11
Bowery Farming,0,2024-11-01,1.0,Food,Unknown,626.0,United States,2024,11,November,2024-11
Dropbox,527,2024-10-30,0.2,Other,Post-IPO,1700.0,United States,2024,10,October,2024-10
Kraken,400,2024-10-30,0.15,Crypto,Unknown,134.0,United States,2024,10,October,2024-10
Miro,275,2024-10-30,0.18,Other,Series C,476.0,United States,2024,10,October,2024-10
ConsenSys,163,2024-10-29,0.2,Crypto,Series D,726.0,United States,2024,10,October,2024-10
F5,100,2024-10-29,0.02,Security,Post-IPO,0.0,United States,2024,10,October,2024-10
Docker,0,2024-10-29,0.1,Infrastructure,Series C,436.0,United States,2024,10,October,2024-10
dYdX,0,2024-10-29,0.35,Crypto,Series C,87.0,United States,2024,10,October,2024-10
Coursera,150,2024-10-25,0.1,Education,Post-IPO,458.0,United States,2024,10,October,2024-10
Kyte,0,2024-10-25,0.4,Transportation,Unknown,548.0,United States,2024,10,October,2024-10
Catena Media,29,2024-10-23,,Marketing,Unknown,0.0,Malta,2024,10,October,2024-10
Upwork,0,2024-10-23,0.21,Other,Post-IPO,168.0,United States,2024,10,October,2024-10
Venminder,100,2024-10-21,,Security,Acquired,49.0,United States,2024,10,October,2024-10
Jellysmack,22,2024-10-21,,Media,Series C,22.0,France,2024,10,October,2024-10
CapWay,0,2024-10-17,1.0,Finance,Unknown,0.0,United States,2024,10,October,2024-10
Gigamon,69,2024-10-15,,Data,Acquired,23.0,United States,2024,10,October,2024-10
AppLovin,58,2024-10-15,,Marketing,Post-IPO,1600.0,United States,2024,10,October,2024-10
Fable,0,2024-10-15,1.0,Product,Series A,19.0,United States,2024,10,October,2024-10
Bytedance,500,2024-10-11,,Consumer,Unknown,9400.0,Indonesia,2024,10,October,2024-10
Nikola,130,2024-10-11,0.15,Transportation,Post-IPO,3300.0,United States,2024,10,October,2024-10
Toplyne,0,2024-10-11,1.0,Sales,Series A,17.0,India,2024,10,October,2024-10
CareerBuilder + Monster,200,2024-10-10,0.15,Recruiting,Acquired,0.0,United States,2024,10,October,2024-10
GoWild,0,2024-10-10,1.0,Retail,Seed,8.0,United States,2024,10,October,2024-10
Grabango,0,2024-10-09,1.0,Food,Unknown,94.0,United States,2024,10,October,2024-10
BeepKart,130,2024-10-08,0.4,Retail,Series A,19.0,India,2024,10,October,2024-10
Zapp,0,2024-10-08,0.9,Food,Series B,300.0,United Kingdom,2024,10,October,2024-10
Eaze,500,2024-10-07,1.0,Consumer,Series D,202.0,United States,2024,10,October,2024-10
PubMatic,12,2024-10-07,0.01,Marketing,Post-IPO,63.0,United States,2024,10,October,2024-10
Zapata Computing,0,2024-10-07,1.0,Other,Post-IPO,82.0,United States,2024,10,October,2024-10
AppLovin,65,2024-10-03,,Marketing,Post-IPO,1600.0,United States,2024,10,October,2024-10
Tome,12,2024-10-02,0.31,Sales,Series B,75.0,United States,2024,10,October,2024-10
Alma,0,2024-10-02,0.09,Healthcare,Series D,220.0,United States,2024,10,October,2024-10
Flexport,0,2024-10-02,0.02,Logistics,Series E,2400.0,United States,2024,10,October,2024-10
ABBYY,200,2024-10-01,,Data,Unknown,6.0,Cyprus,2024,10,October,2024-10
FreshBooks,140,2024-10-01,,Finance,Unknown,331.0,Canada,2024,10,October,2024-10
Vendease,68,2024-09-30,0.2,Food,Series A,43.0,Nigeria,2024,9,September,2024-09
Marin Software,27,2024-09-30,0.26,Marketing,Post-IPO,99.0,United States,2024,9,September,2024-09
Shein,17,2024-09-30,,Retail,Private Equity,4100.0,Singapore,2024,9,September,2024-09
DoubleCloud,0,2024-09-30,1.0,Infrastructure,Unknown,0.0,UAE,2024,9,September,2024-09
Greenikk,0,2024-09-30,1.0,Food,Seed,1.0,India,2024,9,September,2024-09
Drata,40,2024-09-26,0.09,Security,Series C,328.0,United States,2024,9,September,2024-09
Moov,50,2024-09-25,,Finance,Series B,77.0,United States,2024,9,September,2024-09
FreightWaves,16,2024-09-24,,Logistics,Private Equity,92.0,United States,2024,9,September,2024-09
Northvolt,1600,2024-09-23,0.2,Energy,Unknown,13800.0,Sweden,2024,9,September,2024-09
Olo,0,2024-09-23,0.09,Food,Post-IPO,184.0,United States,2024,9,September,2024-09
Healthy.io,40,2024-09-22,0.3,Healthcare,Series D,185.0,Israel,2024,9,September,2024-09
Reverb,40,2024-09-20,,Retail,Acquired,47.0,United States,2024,9,September,2024-09
Luminar,0,2024-09-20,0.15,Transportation,Post-IPO,780.0,United States,2024,9,September,2024-09
Notable Labs,0,2024-09-20,0.65,Healthcare,Series B,0.0,United States,2024,9,September,2024-09
CarTrawler,40,2024-09-19,0.1,Transportation,Acquired,0.0,Ireland,2024,9,September,2024-09
ApplyBoard,0,2024-09-19,0.04,Education,Series D,483.0,Canada,2024,9,September,2024-09
Spendesk,151,2024-09-18,,Finance,Series C,0.0,France,2024,9,September,2024-09
Aakash,80,2024-09-18,,Education,Acquired,0.0,India,2024,9,September,2024-09
Runtastic,170,2024-09-16,,Fitness,Acquired,0.0,Austria,2024,9,September,2024-09
Microsoft,650,2024-09-12,,Other,Post-IPO,1.0,United States,2024,9,September,2024-09
Amperity,0,2024-09-12,0.13,Marketing,Series D,187.0,United States,2024,9,September,2024-09
Udemy,280,2024-09-11,,Education,Post-IPO,311.0,United States,2024,9,September,2024-09
Mobileye,100,2024-09-09,,Transportation,Post-IPO,2100.0,Israel,2024,9,September,2024-09
InsurStaq.ai,0,2024-09-09,1.0,Ai,Seed,0.0,India,2024,9,September,2024-09
Nori,0,2024-09-09,1.0,Energy,Unknown,19.0,United States,2024,9,September,2024-09
WeTransfer,260,2024-09-08,0.75,Other,Acquired,64.0,Netherlands,2024,9,September,2024-09
Center,8,2024-09-07,0.04,Finance,Series C,102.0,United States,2024,9,September,2024-09
Goop,39,2024-09-06,0.18,Retail,Unknown,75.0,United States,2024,9,September,2024-09
Motif Foodworks,0,2024-09-06,1.0,Food,Unknown,343.0,United States,2024,9,September,2024-09
ChargePoint,250,2024-09-04,0.15,Manufacturing,Unknown,1400.0,United States,2024,9,September,2024-09
Fly.io,40,2024-09-04,,Infrastructure,Series C,110.0,United States,2024,9,September,2024-09
Lyft,30,2024-09-04,0.01,Transportation,Post-IPO,4900.0,United States,2024,9,September,2024-09
Matter Labs,0,2024-09-03,0.16,Crypto,Unknown,380.0,Germany,2024,9,September,2024-09
Dozee,40,2024-09-02,,Healthcare,Series A,26.0,India,2024,9,September,2024-09
Dunzo,150,2024-08-31,0.75,Food,Unknown,458.0,India,2024,8,August,2024-08
Character.ai,6,2024-08-29,0.05,Ai,Series A,150.0,United States,2024,8,August,2024-08
Brave,27,2024-08-28,0.14,Consumer,Series B,42.0,United States,2024,8,August,2024-08
Apple,100,2024-08-27,,Hardware,Post-IPO,1200.0,United States,2024,8,August,2024-08
IBM,1000,2024-08-26,,Hardware,Post-IPO,0.0,China,2024,8,August,2024-08
Tome Biosciences,131,2024-08-26,1.0,Healthcare,Series A,213.0,United States,2024,8,August,2024-08
Velo3D,42,2024-08-26,,Manufacturing,Post-IPO,305.0,United States,2024,8,August,2024-08
Kenko Health,0,2024-08-23,1.0,Healthcare,Series A,14.0,India,2024,8,August,2024-08
Received,0,2024-08-23,1.0,Finance,Unknown,0.0,United States,2024,8,August,2024-08
Redfin,82,2024-08-22,0.02,Real Estate,Post-IPO,320.0,United States,2024,8,August,2024-08
Kaiyo,0,2024-08-21,1.0,Retail,Series B,43.0,United States,2024,8,August,2024-08
Skip the Dishes,800,2024-08-20,,Food,Acquired,8.0,Canada,2024,8,August,2024-08
Five9,190,2024-08-20,0.07,Support,Post-IPO,862.0,United States,2024,8,August,2024-08
ReshaMandi,0,2024-08-20,1.0,Food,Unknown,54.0,India,2024,8,August,2024-08
GoPro,139,2024-08-19,0.15,Consumer,Post-IPO,288.0,United States,2024,8,August,2024-08
Paper,81,2024-08-16,0.45,Education,Series D,389.0,Canada,2024,8,August,2024-08
Retention.com,15,2024-08-16,,Marketing,Unknown,0.0,United States,2024,8,August,2024-08
Regrow Ag,0,2024-08-16,0.19,Food,Series B,64.0,United States,2024,8,August,2024-08
AppLovin,61,2024-08-15,,Marketing,Post-IPO,1600.0,United States,2024,8,August,2024-08
Inuitive,16,2024-08-15,0.2,Manufacturing,Unknown,23.0,Israel,2024,8,August,2024-08
Mister Spex,0,2024-08-15,0.1,Retail,Post-IPO,158.0,Germany,2024,8,August,2024-08
Sampler,0,2024-08-15,1.0,Retail,Series B,10.0,Canada,2024,8,August,2024-08
Sonos,100,2024-08-14,0.06,Consumer,Post-IPO,455.2,United States,2024,8,August,2024-08
Grail,350,2024-08-13,,Healthcare,Post-IPO,0.0,United States,2024,8,August,2024-08
DayTwo,0,2024-08-13,1.0,Healthcare,Series B,90.0,United States,2024,8,August,2024-08
Quizac,0,2024-08-13,1.0,Education,Acquired,0.0,Nigeria,2024,8,August,2024-08
Tally,0,2024-08-12,1.0,Finance,Series C,172.0,United States,2024,8,August,2024-08
Cisco,5600,2024-08-09,0.07,Infrastructure,Post-IPO,2.0,United States,2024,8,August,2024-08
Branch.io,100,2024-08-09,,Marketing,Series F,667.0,United States,2024,8,August,2024-08
iCIMS,69,2024-08-09,,Recruiting,Acquired,93.0,United States,2024,8,August,2024-08
Submittable,40,2024-08-08,,Other,Unknown,115.0,United States,2024,8,August,2024-08
Fastly,0,2024-08-08,0.11,Infrastructure,Post-IPO,219.0,United States,2024,8,August,2024-08
Eventbrite,100,2024-08-07,0.11,Consumer,Post-IPO,557.0,United States,2024,8,August,2024-08
LegalZoom,0,2024-08-07,0.15,Legal,Post-IPO,952.0,United States,2024,8,August,2024-08
Axios Media,50,2024-08-06,0.1,Media,Acquired,57.0,United States,2024,8,August,2024-08
Mobius Motors,0,2024-08-06,1.0,Transportation,Unknown,6.0,Kenya,2024,8,August,2024-08
Teradata,0,2024-08-06,0.13,Data,Post-IPO,0.0,United States,2024,8,August,2024-08
Infineon,1400,2024-08-05,,Manufacturing,Post-IPO,1500.0,Germany,2024,8,August,2024-08
Jam City,85,2024-08-05,0.1,Consumer,Unknown,652.0,United States,2024,8,August,2024-08
ShareChat,30,2024-08-03,0.05,Marketing,Series D,222.0,India,2024,8,August,2024-08
Intel,15000,2024-08-01,0.15,Hardware,Post-IPO,12.0,United States,2024,8,August,2024-08
Avaya,180,2024-08-01,0.03,Other,Post-IPO,700.0,United States,2024,8,August,2024-08
Bungie,220,2024-07-31,0.17,Consumer,Acquired,100.0,United States,2024,7,July,2024-07
Delivery Hero,200,2024-07-31,,Food,Post-IPO,9900.0,Germany,2024,7,July,2024-07
Match Group,0,2024-07-31,0.06,Consumer,Post-IPO,0.0,United States,2024,7,July,2024-07
NerdWallet,0,2024-07-30,0.15,Finance,Post-IPO,105.0,United States,2024,7,July,2024-07
Moxion Power,248,2024-07-29,1.0,Energy,Unknown,124.0,United States,2024,7,July,2024-07
Pocket FM,200,2024-07-27,,Media,Series D,212.0,India,2024,7,July,2024-07
WayCool,200,2024-07-26,,Food,Unknown,363.0,India,2024,7,July,2024-07
Webflow,0,2024-07-25,0.08,Marketing,Series C,335.0,United States,2024,7,July,2024-07
Humble Games,36,2024-07-23,1.0,Media,Acquired,4.0,United States,2024,7,July,2024-07
Cohere,20,2024-07-23,0.05,Ai,Series D,935.0,Canada,2024,7,July,2024-07
Bluelearn,0,2024-07-22,1.0,Education,Seed,4.0,India,2024,7,July,2024-07
Magic Leap,75,2024-07-19,,Consumer,Series E,4100.0,United States,2024,7,July,2024-07
Mercari U.S.,0,2024-07-19,0.5,Retail,Subsidiary,0.0,United States,2024,7,July,2024-07
Aqua Security,50,2024-07-17,0.1,Security,Series E,325.0,United States,2024,7,July,2024-07
EverC,16,2024-07-17,0.1,Security,Unknown,61.0,Israel,2024,7,July,2024-07
ON,60,2024-07-16,1.0,Retail,Unknown,81.0,United States,2024,7,July,2024-07
SolarEdge,400,2024-07-15,,Energy,Post-IPO,155.0,Israel,2024,7,July,2024-07
Salesforce,300,2024-07-15,,Sales,Post-IPO,65.0,United States,2024,7,July,2024-07
Spotify,40,2024-07-15,,Media,Post-IPO,2100.0,Sweden,2024,7,July,2024-07
SadaPay,0,2024-07-12,0.3,Finance,Acquired,20.0,Pakistan,2024,7,July,2024-07
Intuit,1800,2024-07-10,0.1,Finance,Post-IPO,18.0,United States,2024,7,July,2024-07
Redbox,1000,2024-07-10,1.0,Media,Acquired,51.0,United States,2024,7,July,2024-07
CyberProof,0,2024-07-10,0.07,Security,Subsidiary,0.0,United States,2024,7,July,2024-07
UIPath,420,2024-07-09,0.1,Other,Post-IPO,2000.0,United States,2024,7,July,2024-07
UKG,2200,2024-07-03,0.14,Hr,Unknown,0.0,United States,2024,7,July,2024-07
OpenText,1200,2024-07-03,0.02,Data,Post-IPO,1100.0,Canada,2024,7,July,2024-07
Unacademy,250,2024-07-02,,Education,Series H,838.0,India,2024,7,July,2024-07
Koo,0,2024-07-02,1.0,Consumer,Unknown,51.0,India,2024,7,July,2024-07
Lightricks,70,2024-07-01,0.12,Consumer,Series D,335.0,Israel,2024,7,July,2024-07
Upside Foods,26,2024-07-01,,Food,Unknown,598.0,United States,2024,7,July,2024-07
Sightful,20,2024-07-01,0.33,Hardware,Unknown,61.0,Israel,2024,7,July,2024-07
Ninja Van,0,2024-07-01,0.05,Transportation,Series E,974.0,Singapore,2024,7,July,2024-07
Priceline,103,2024-06-28,0.07,Travel,Acquired,77.0,United States,2024,6,June,2024-06
RealPage,260,2024-06-27,0.04,Real Estate,Acquired,105.0,United States,2024,6,June,2024-06
Planet,180,2024-06-26,0.17,Aerospace,Post-IPO,574.0,United States,2024,6,June,2024-06
Moxion Power,101,2024-06-26,,Energy,Unknown,124.0,United States,2024,6,June,2024-06
Perion,35,2024-06-25,0.05,Marketing,Post-IPO,76.0,Israel,2024,6,June,2024-06
Flutterwave,30,2024-06-24,0.03,Finance,Unknown,509.0,Nigeria,2024,6,June,2024-06
Ginkgo Bioworks,400,2024-06-20,0.35,Healthcare,Post-IPO,1600.0,United States,2024,6,June,2024-06
ReshaMandi,0,2024-06-20,0.8,Food,Unknown,54.0,India,2024,6,June,2024-06
Emma Sleep,200,2024-06-19,0.18,Retail,Acquired,0.0,Germany,2024,6,June,2024-06
Moovit,20,2024-06-19,0.1,Transportation,Acquired,131.0,Israel,2024,6,June,2024-06
Wex,375,2024-06-18,0.05,Finance,Post-IPO,400.0,United States,2024,6,June,2024-06
PayPal,85,2024-06-18,,Finance,Post-IPO,216.0,Ireland,2024,6,June,2024-06
Rapyd,30,2024-06-18,,Finance,Unknown,770.0,Israel,2024,6,June,2024-06
C2FO,16,2024-06-18,,Finance,Series H,537.0,United States,2024,6,June,2024-06
Fisker,0,2024-06-18,1.0,Transportation,Post-IPO,1700.0,United States,2024,6,June,2024-06
Chegg,441,2024-06-17,0.23,Education,Post-IPO,227.0,United States,2024,6,June,2024-06
Stackpath,0,2024-06-17,1.0,Infrastructure,Series B,396.0,United States,2024,6,June,2024-06
Unit,0,2024-06-17,0.15,Finance,Series C,170.0,United States,2024,6,June,2024-06
LOOP,23,2024-06-16,0.77,Finance,Series A,34.0,United States,2024,6,June,2024-06
Care/of,143,2024-06-15,1.0,Healthcare,Acquired,83.0,United States,2024,6,June,2024-06
Running Tide,0,2024-06-15,1.0,Energy,Series B,54.0,United States,2024,6,June,2024-06
Satellogic,70,2024-06-14,0.3,Aerospace,Post-IPO,424.0,Uruguay,2024,6,June,2024-06
Cypress.io,11,2024-06-14,,Product,Series B,54.0,United States,2024,6,June,2024-06
Bytedance,450,2024-06-12,,Consumer,Unknown,9400.0,Indonesia,2024,6,June,2024-06
Paxos,65,2024-06-12,0.2,Crypto,Unknown,543.0,United States,2024,6,June,2024-06
SCiFi Foods,0,2024-06-12,1.0,Food,Series A,39.0,United States,2024,6,June,2024-06
VRChat,0,2024-06-12,0.3,Consumer,Series D,95.0,United States,2024,6,June,2024-06
Ladenzeile,0,2024-06-11,1.0,Retail,Subsidiary,0.0,Germany,2024,6,June,2024-06
Paytm,3500,2024-06-10,,Finance,Subsidiary,0.0,India,2024,6,June,2024-06
Kissflow,45,2024-06-10,0.11,Other,Unknown,1.0,India,2024,6,June,2024-06
Copia,1060,2024-06-06,,Retail,Series C,103.0,Kenya,2024,6,June,2024-06
Revel,1000,2024-06-06,,Transportation,Unknown,214.0,United States,2024,6,June,2024-06
Simpl,30,2024-06-06,,Finance,Series B,72.0,India,2024,6,June,2024-06
Oda,150,2024-06-05,,Food,Unknown,691.0,Norway,2024,6,June,2024-06
Pagaya,100,2024-06-05,0.2,Finance,Post-IPO,2000.0,Israel,2024,6,June,2024-06
Aleph Farms,30,2024-06-05,0.3,Food,Unknown,119.0,Israel,2024,6,June,2024-06
MoonPay,30,2024-06-05,0.1,Crypto,Unknown,651.0,United States,2024,6,June,2024-06
Yext,0,2024-06-05,0.12,Marketing,Post-IPO,117.0,United States,2024,6,June,2024-06
Microsoft,1000,2024-06-03,,Other,Post-IPO,1.0,United States,2024,6,June,2024-06
OrCam,100,2024-06-03,0.5,Healthcare,Unknown,86.0,Israel,2024,6,June,2024-06
Google,100,2024-05-31,,Consumer,Post-IPO,26.0,United States,2024,5,May,2024-05
Tropic,40,2024-05-31,,Finance,Series B,67.0,United States,2024,5,May,2024-05
Gro Intelligence,0,2024-05-31,0.1,Food,Series B,118.0,United States,2024,5,May,2024-05
FlightStats,73,2024-05-30,,Travel,Acquired,3.0,United States,2024,5,May,2024-05
ICANN,33,2024-05-30,0.07,Infrastructure,Unknown,0.0,United States,2024,5,May,2024-05
Walnut,15,2024-05-29,0.2,Sales,Series B,56.0,United States,2024,5,May,2024-05
Glovo,22,2024-05-25,,Food,Acquired,1200.0,Spain,2024,5,May,2024-05
Lucid Motors,400,2024-05-24,0.06,Transportation,Post-IPO,8300.0,United States,2024,5,May,2024-05
Satellogic,34,2024-05-24,0.13,Aerospace,Post-IPO,424.0,Uruguay,2024,5,May,2024-05
Foursquare,105,2024-05-23,0.25,Marketing,Series G,390.0,United States,2024,5,May,2024-05
Guild,300,2024-05-22,0.25,Education,Series F,643.0,United States,2024,5,May,2024-05
Cue Health,180,2024-05-22,1.0,Healthcare,Post-IPO,899.0,United States,2024,5,May,2024-05
Silo,0,2024-05-22,0.3,Food,Series C,272.0,United States,2024,5,May,2024-05
TikTok,1000,2024-05-21,,Consumer,Acquired,0.0,United States,2024,5,May,2024-05
Joonko,0,2024-05-19,1.0,Hr,Series B,38.0,United States,2024,5,May,2024-05
Toshiba,4000,2024-05-16,,Manufacturing,Unknown,0.0,Japan,2024,5,May,2024-05
Wefox,60,2024-05-16,,Finance,Series D,1300.0,Germany,2024,5,May,2024-05
Replit,30,2024-05-16,0.2,Product,Unknown,222.0,United States,2024,5,May,2024-05
Gopuff,0,2024-05-16,0.06,Food,Series H,3400.0,United States,2024,5,May,2024-05
Karhoo,0,2024-05-16,1.0,Transportation,Acquired,39.0,United Kingdom,2024,5,May,2024-05
SeekOut,0,2024-05-16,0.3,Recruiting,Series C,0.0,United States,2024,5,May,2024-05
Atmosphere,100,2024-05-15,,Other,Series D,214.0,United States,2024,5,May,2024-05
Singularity 6,36,2024-05-15,,Other,Series B,49.0,United States,2024,5,May,2024-05
Mainvest,0,2024-05-14,1.0,Finance,Unknown,3.0,United States,2024,5,May,2024-05
Indeed,1000,2024-05-13,0.08,Hr,Acquired,5.0,United States,2024,5,May,2024-05
Motional,550,2024-05-10,0.4,Transportation,Unknown,0.0,United States,2024,5,May,2024-05
Rivian,120,2024-05-10,,Transportation,Post-IPO,10700.0,United States,2024,5,May,2024-05
Google,57,2024-05-10,,Consumer,Post-IPO,26.0,United States,2024,5,May,2024-05
Vacasa,800,2024-05-09,0.13,Travel,Post-IPO,834.0,United States,2024,5,May,2024-05
Sight Diagnostics,40,2024-05-09,0.3,Healthcare,Series D,124.0,Israel,2024,5,May,2024-05
PrepLadder,145,2024-05-08,0.25,Education,Acquired,0.0,India,2024,5,May,2024-05
Simpl,100,2024-05-08,0.15,Finance,Series B,72.0,India,2024,5,May,2024-05
Arkane Studios,96,2024-05-08,1.0,Consumer,Unknown,0.0,United States,2024,5,May,2024-05
Brilliant,0,2024-05-08,1.0,Hardware,Series B,64.0,United States,2024,5,May,2024-05
Kinaxis,0,2024-05-08,0.06,Other,Post-IPO,79.0,Canada,2024,5,May,2024-05
Enovix,170,2024-05-06,0.33,Energy,Post-IPO,516.0,United States,2024,5,May,2024-05
Cue Health,230,2024-05-03,0.49,Healthcare,Post-IPO,899.0,United States,2024,5,May,2024-05
Rivian,150,2024-05-03,0.01,Transportation,Post-IPO,10700.0,United States,2024,5,May,2024-05
Luminar,140,2024-05-03,0.2,Transportation,Post-IPO,780.0,United States,2024,5,May,2024-05
Sprinklr,116,2024-05-03,0.03,Support,Post-IPO,429.0,United States,2024,5,May,2024-05
Bakkt,28,2024-05-03,,Crypto,Post-IPO,932.0,United States,2024,5,May,2024-05
Peloton,400,2024-05-02,0.15,Fitness,Post-IPO,1900.0,United States,2024,5,May,2024-05
Cabify,29,2024-05-02,,Transportation,Unknown,601.0,Spain,2024,5,May,2024-05
Google,200,2024-05-01,,Consumer,Post-IPO,26.0,United States,2024,5,May,2024-05
Assurance,112,2024-05-01,1.0,Finance,Acquired,0.0,United States,2024,5,May,2024-05
Sproutt,0,2024-05-01,1.0,Finance,Series B,38.0,United States,2024,5,May,2024-05
Tesla,500,2024-04-30,,Transportation,Post-IPO,20200.0,United States,2024,4,April,2024-04
RiseUp,50,2024-04-30,0.5,Finance,Series B,30.0,Israel,2024,4,April,2024-04
Akili Interactive,0,2024-04-30,0.46,Healthcare,Post-IPO,271.0,United States,2024,4,April,2024-04
Getir,3300,2024-04-29,,Food,Series E,1800.0,United Kingdom,2024,4,April,2024-04
Ola,180,2024-04-29,0.1,Transportation,Series J,5000.0,India,2024,4,April,2024-04
Ninja Van,21,2024-04-29,0.1,Transportation,Series E,974.0,Singapore,2024,4,April,2024-04
ComplYant,0,2024-04-29,1.0,Finance,Seed,6.0,United States,2024,4,April,2024-04
HealthifyMe,150,2024-04-27,0.27,Healthcare,Series D,130.0,India,2024,4,April,2024-04
True Anomaly,30,2024-04-25,0.25,Aerospace,Series B,158.0,United States,2024,4,April,2024-04
Freenome,100,2024-04-23,0.2,Healthcare,Series E,1400.0,United States,2024,4,April,2024-04
Heureka Group,100,2024-04-23,0.16,Retail,Acquired,0.0,Czech Republic,2024,4,April,2024-04
OutSystems,150,2024-04-19,0.08,Product,Series G,802.0,United States,2024,4,April,2024-04
The Good Glamm Group,150,2024-04-18,0.15,Retail,Unknown,180.0,India,2024,4,April,2024-04
Showpad,50,2024-04-18,0.1,Marketing,Series D,159.0,Belgium,2024,4,April,2024-04
Stability AI,20,2024-04-18,,Ai,Unknown,174.0,United Kingdom,2024,4,April,2024-04
Pax8,0,2024-04-18,0.05,Infrastructure,Unknown,400.0,United States,2024,4,April,2024-04
Rivian,0,2024-04-17,0.01,Transportation,Post-IPO,10700.0,United States,2024,4,April,2024-04
Take-Two,579,2024-04-16,0.05,Consumer,Post-IPO,4100.0,United States,2024,4,April,2024-04
Tome,12,2024-04-16,0.25,Ai,Series B,75.0,United States,2024,4,April,2024-04
Tesla,14000,2024-04-15,0.1,Transportation,Post-IPO,20200.0,United States,2024,4,April,2024-04
Criteo,140,2024-04-12,0.04,Marketing,Post-IPO,61.0,France,2024,4,April,2024-04
Glovo,25,2024-04-12,,Food,Acquired,1200.0,Spain,2024,4,April,2024-04
TikTok,250,2024-04-11,,Consumer,Acquired,0.0,Ireland,2024,4,April,2024-04
Fabric,30,2024-04-11,0.15,Logistics,Series C,336.0,United States,2024,4,April,2024-04
Hinge Health,0,2024-04-11,0.1,Healthcare,Series E,826.0,United States,2024,4,April,2024-04
Zoe,0,2024-04-11,0.2,Healthcare,Series B,89.0,United Kingdom,2024,4,April,2024-04
Cornershop,200,2024-04-10,,Food,Acquired,32.0,Chile,2024,4,April,2024-04
Scaler,150,2024-04-10,,Education,Series B,55.0,India,2024,4,April,2024-04
Checkr,382,2024-04-09,0.32,Hr,Series D,679.0,United States,2024,4,April,2024-04
Intel,62,2024-04-09,,Hardware,Post-IPO,12.0,United States,2024,4,April,2024-04
Trendsales,79,2024-04-08,1.0,Retail,Acquired,0.0,Denmark,2024,4,April,2024-04
Singularity 6,49,2024-04-08,0.35,Other,Series B,49.0,United States,2024,4,April,2024-04
Fission,0,2024-04-07,1.0,Other,Unknown,0.0,Canada,2024,4,April,2024-04
Bolt.Earth,70,2024-04-06,0.4,Energy,Series B,24.0,India,2024,4,April,2024-04
Apple,614,2024-04-04,,Hardware,Post-IPO,1200.0,United States,2024,4,April,2024-04
Lightspeed Commerce,280,2024-04-03,,Retail,Post-IPO,1200.0,Canada,2024,4,April,2024-04
Ghost Autonomy,100,2024-04-03,1.0,Transportation,Series E,247.0,United States,2024,4,April,2024-04
Vivian Health,13,2024-04-03,,Healthcare,Acquired,60.0,United States,2024,4,April,2024-04
Yummly,0,2024-04-03,1.0,Food,Acquired,24.0,United States,2024,4,April,2024-04
Byju's,500,2024-04-02,0.03,Education,Private Equity,5500.0,India,2024,4,April,2024-04
Thepeer,0,2024-04-02,1.0,Finance,Seed,2.0,Nigeria,2024,4,April,2024-04
Osso VR,67,2024-04-01,,Healthcare,Series C,109.0,United States,2024,4,April,2024-04
Identiq,20,2024-04-01,0.44,Security,Series A,52.0,Israel,2024,4,April,2024-04
Ranger Insurance,0,2024-04-01,1.0,Finance,Seed,5.0,United States,2024,4,April,2024-04
Rezi,0,2024-04-01,1.0,Real Estate,Series B,230.0,United States,2024,4,April,2024-04
ChowNow,60,2024-03-28,0.2,Food,Series C,64.0,United States,2024,3,March,2024-03
Synctera,17,2024-03-26,0.15,Finance,Series A,79.0,United States,2024,3,March,2024-03
GoPro,0,2024-03-26,0.04,Consumer,Post-IPO,288.0,United States,2024,3,March,2024-03
Dell,6000,2024-03-25,0.05,Hardware,Post-IPO,0.0,United States,2024,3,March,2024-03
ShopBack,195,2024-03-19,0.24,Retail,Series F,355.0,Singapore,2024,3,March,2024-03
Orbotech,100,2024-03-19,,Manufacturing,Acquired,0.0,Israel,2024,3,March,2024-03
Airmeet,0,2024-03-19,0.2,Marketing,Series B,50.0,India,2024,3,March,2024-03
Singular Genomics,0,2024-03-19,0.2,Healthcare,Post-IPO,176.0,United States,2024,3,March,2024-03
Longi,0,2024-03-18,0.05,Energy,Unknown,0.0,China,2024,3,March,2024-03
Flock Freight,54,2024-03-16,,Logistics,Series D,399.0,United States,2024,3,March,2024-03
Chipper Cash,20,2024-03-15,,Finance,Series C,302.0,United States,2024,3,March,2024-03
Blueboard,0,2024-03-15,1.0,Hr,Series A,16.0,United States,2024,3,March,2024-03
Ancestry,81,2024-03-14,0.06,Consumer,Post-IPO,33.0,United States,2024,3,March,2024-03
Textio,14,2024-03-14,0.16,Recruiting,Unknown,42.0,United States,2024,3,March,2024-03
Stash,80,2024-03-13,0.25,Finance,Unknown,480.0,United States,2024,3,March,2024-03
Phantom Auto,100,2024-03-12,1.0,Transportation,Unknown,86.0,United States,2024,3,March,2024-03
Deadspin,11,2024-03-11,1.0,Media,Acquired,0.0,United States,2024,3,March,2024-03
Niche,24,2024-03-08,0.07,Education,Series C,44.0,United States,2024,3,March,2024-03
Inscribe,0,2024-03-08,0.4,Finance,Series B,39.0,United States,2024,3,March,2024-03
Turnitin,15,2024-03-07,0.02,Education,Acquired,0.0,United States,2024,3,March,2024-03
Sorare,22,2024-03-06,0.13,Crypto,Series B,739.0,United States,2024,3,March,2024-03
MessageBird,90,2024-03-05,0.2,Other,Series C,1100.0,Netherlands,2024,3,March,2024-03
Edgio,80,2024-03-04,0.1,Infrastructure,Post-IPO,462.0,United States,2024,3,March,2024-03
Melio,40,2024-03-04,0.07,Finance,Series D,504.0,United States,2024,3,March,2024-03
Our Next Energy,40,2024-03-04,0.13,Transportation,Series B,390.0,United States,2024,3,March,2024-03
Project Ronin,150,2024-03-01,1.0,Healthcare,Unknown,0.0,United States,2024,3,March,2024-03
Pristyn Care,120,2024-03-01,0.07,Healthcare,Series E,177.0,India,2024,3,March,2024-03
Gro Intelligence,90,2024-03-01,0.6,Food,Series B,118.0,United States,2024,3,March,2024-03
Fisker,0,2024-02-29,0.15,Transportation,Post-IPO,1700.0,United States,2024,2,February,2024-02
Kevin,0,2024-02-29,0.14,Finance,Series A,79.0,Lithuania,2024,2,February,2024-02
Electronic Arts,670,2024-02-28,0.05,Consumer,Post-IPO,2.0,United States,2024,2,February,2024-02
Vacasa,320,2024-02-28,0.05,Travel,Post-IPO,834.0,United States,2024,2,February,2024-02
OrCam,50,2024-02-28,0.19,Healthcare,Unknown,86.0,Israel,2024,2,February,2024-02
Treasury Prime,40,2024-02-28,0.4,Finance,Series C,71.0,United States,2024,2,February,2024-02
Motional,0,2024-02-28,0.05,Transportation,Unknown,0.0,United States,2024,2,February,2024-02
Sony Interactive,900,2024-02-27,0.08,Consumer,Subsidiary,0.0,United States,2024,2,February,2024-02
Bumble,350,2024-02-27,0.3,Consumer,Post-IPO,313.0,United States,2024,2,February,2024-02
PropertyGuru,79,2024-02-27,,Real Estate,Post-IPO,676.0,Singapore,2024,2,February,2024-02
Expedia,1500,2024-02-26,0.08,Travel,Post-IPO,3300.0,United States,2024,2,February,2024-02
WayCool,70,2024-02-26,,Food,Unknown,363.0,India,2024,2,February,2024-02
Redesign Health,77,2024-02-23,,Healthcare,Series C,315.0,United States,2024,2,February,2024-02
Carbon Health,56,2024-02-23,,Healthcare,Series D,522.0,United States,2024,2,February,2024-02
Affirm,60,2024-02-21,,Finance,Post-IPO,1500.0,United States,2024,2,February,2024-02
Finder,60,2024-02-21,0.17,Retail,Unknown,30.0,Australia,2024,2,February,2024-02
BuzzFeed,0,2024-02-21,0.16,Media,Post-IPO,696.0,United States,2024,2,February,2024-02
Rivian,0,2024-02-21,0.1,Transportation,Post-IPO,10700.0,United States,2024,2,February,2024-02
Aptiv,250,2024-02-20,,Transportation,Post-IPO,8.0,Poland,2024,2,February,2024-02
Tails.com,55,2024-02-20,0.25,Retail,Series A,5.0,United Kingdom,2024,2,February,2024-02
KnownOrigin,0,2024-02-20,0.3,Crypto,Acquired,3.0,United Kingdom,2024,2,February,2024-02
Meati,0,2024-02-20,0.3,Food,Series C,274.0,United States,2024,2,February,2024-02
Farfetch,2000,2024-02-16,0.25,Retail,Acquired,1700.0,United Kingdom,2024,2,February,2024-02
Voi,120,2024-02-16,0.12,Transportation,Series D,515.0,Sweden,2024,2,February,2024-02
Toast,550,2024-02-15,0.1,Food,Post-IPO,962.0,United States,2024,2,February,2024-02
Sonder,106,2024-02-15,0.17,Travel,Post-IPO,839.0,United States,2024,2,February,2024-02
LinkSquares,90,2024-02-15,,Legal,Series C,161.0,United States,2024,2,February,2024-02
Storytel,80,2024-02-15,0.13,Consumer,Post-IPO,312.0,Sweden,2024,2,February,2024-02
Gro Intelligence,20,2024-02-15,0.1,Food,Series B,118.0,United States,2024,2,February,2024-02
CodeSee,0,2024-02-15,1.0,Data,Seed,10.0,United States,2024,2,February,2024-02
May Mobility,0,2024-02-15,0.13,Transportation,Series D,303.0,United States,2024,2,February,2024-02
Cisco,4250,2024-02-14,0.05,Infrastructure,Post-IPO,2.0,United States,2024,2,February,2024-02
Wint Wealth,19,2024-02-14,0.2,Finance,Series A,16.0,India,2024,2,February,2024-02
Away,0,2024-02-14,0.25,Retail,Series D,181.0,United States,2024,2,February,2024-02
Instacart,250,2024-02-13,0.07,Food,Post-IPO,2900.0,United States,2024,2,February,2024-02
Redesign Health,77,2024-02-13,,Healthcare,Unknown,315.0,United States,2024,2,February,2024-02
Mozilla,60,2024-02-13,0.05,Consumer,Unknown,2.3,United States,2024,2,February,2024-02
Impinj,50,2024-02-13,0.1,Other,Post-IPO,137.0,United States,2024,2,February,2024-02
Riskified,40,2024-02-13,0.06,Retail,Post-IPO,229.0,United States,2024,2,February,2024-02
Everybuddy,0,2024-02-13,1.0,Consumer,Series A,15.0,Israel,2024,2,February,2024-02
Wisense,0,2024-02-13,1.0,Transportation,Unknown,37.0,Israel,2024,2,February,2024-02
SiriusXM,160,2024-02-12,0.03,Media,Post-IPO,525.0,United States,2024,2,February,2024-02
Licious,80,2024-02-09,0.03,Food,Series F,490.0,India,2024,2,February,2024-02
BlissClub,21,2024-02-09,0.18,Retail,Series A,20.0,India,2024,2,February,2024-02
Pure Storage,275,2024-02-08,,Data,Post-IPO,529.0,United States,2024,2,February,2024-02
Otovo,65,2024-02-08,0.15,Energy,Post-IPO,247.0,Norway,2024,2,February,2024-02
Getaround,0,2024-02-08,0.3,Transportation,Post-IPO,948.0,United States,2024,2,February,2024-02
Journera,0,2024-02-08,1.0,Travel,Series B,31.0,United States,2024,2,February,2024-02
Grammarly,230,2024-02-07,,Consumer,Unknown,400.0,United States,2024,2,February,2024-02
Fireblocks,20,2024-02-07,0.03,Crypto,Series E,1000.0,United States,2024,2,February,2024-02
Tenable,0,2024-02-07,0.05,Security,Post-IPO,565.0,United States,2024,2,February,2024-02
Workfellow,0,2024-02-07,1.0,Hr,Seed,3.0,Finland,2024,2,February,2024-02
DocuSign,440,2024-02-06,0.06,Sales,Post-IPO,536.0,United States,2024,2,February,2024-02
Amazon,400,2024-02-06,,Retail,Post-IPO,108.0,United States,2024,2,February,2024-02
Snap,500,2024-02-05,0.1,Consumer,Post-IPO,4900.0,United States,2024,2,February,2024-02
Drizly,168,2024-02-05,1.0,Retail,Acquired,119.0,United States,2024,2,February,2024-02
BillGO,80,2024-02-05,,Finance,Series B,119.0,United States,2024,2,February,2024-02
Impact.com,40,2024-02-05,0.03,Sales,Private Equity,361.0,United States,2024,2,February,2024-02
Astrate Medical,0,2024-02-05,1.0,Healthcare,Series A,13.0,United States,2024,2,February,2024-02
Muvin,0,2024-02-05,1.0,Finance,Seed,4.0,India,2024,2,February,2024-02
Cue Health,245,2024-02-02,0.3,Healthcare,Post-IPO,899.0,United States,2024,2,February,2024-02
Top Hat,35,2024-02-02,0.07,Education,Series E,234.0,Canada,2024,2,February,2024-02
Cake Bikes,0,2024-02-02,1.0,Transportation,Unknown,74.0,Sweden,2024,2,February,2024-02
Small Robot Company,0,2024-02-02,1.0,Food,Unknown,10.0,United Kingdom,2024,2,February,2024-02
Twig,0,2024-02-02,1.0,Finance,Unknown,41.0,United Kingdom,2024,2,February,2024-02
Okta,400,2024-02-01,0.07,Security,Post-IPO,1200.0,United States,2024,2,February,2024-02
Zoom,150,2024-02-01,0.02,Other,Post-IPO,276.0,United States,2024,2,February,2024-02
Illumina,111,2024-02-01,,Healthcare,Post-IPO,28.0,United States,2024,2,February,2024-02
Polygon,60,2024-02-01,0.19,Crypto,Unknown,451.0,Cayman Islands,2024,2,February,2024-02
Proofpoint,280,2024-01-31,0.06,Security,Acquired,885.0,United States,2024,1,January,2024-01
Trove Recommerce,130,2024-01-31,,Retail,Series E,152.0,United States,2024,1,January,2024-01
CircleCI,100,2024-01-31,,Product,Series F,315.0,United States,2024,1,January,2024-01
Thinx,95,2024-01-31,,Retail,Acquired,26.0,United States,2024,1,January,2024-01
Innoviz,60,2024-01-31,0.13,Transportation,Post-IPO,547.0,Israel,2024,1,January,2024-01
The Messenger,0,2024-01-31,1.0,Media,Unknown,0.0,United States,2024,1,January,2024-01
Zuora,0,2024-01-31,0.08,Finance,Post-IPO,647.0,United States,2024,1,January,2024-01
PayPal,2500,2024-01-30,0.09,Finance,Post-IPO,216.0,United States,2024,1,January,2024-01
Block,1000,2024-01-30,0.1,Finance,Post-IPO,150.0,United States,2024,1,January,2024-01
Kiwi.com,216,2024-01-30,0.18,Travel,Unknown,107.0,Czech Republic,2024,1,January,2024-01
Aurora Solar,111,2024-01-30,0.2,Energy,Series D,523.0,United States,2024,1,January,2024-01
Wattpad,20,2024-01-30,0.1,Media,Acquired,117.0,Canada,2024,1,January,2024-01
TechCrunch,7,2024-01-30,,Media,Acquired,0.0,United States,2024,1,January,2024-01
Procore,0,2024-01-30,0.04,Construction,Post-IPO,654.0,United States,2024,1,January,2024-01
iRobot,350,2024-01-29,0.31,Consumer,Post-IPO,30.0,United States,2024,1,January,2024-01
DispatchHealth,88,2024-01-29,,Healthcare,Series E,733.0,United States,2024,1,January,2024-01
Loopio,0,2024-01-29,0.06,Sales,Private Equity,263.0,Canada,2024,1,January,2024-01
Salesforce,700,2024-01-26,0.01,Sales,Post-IPO,65.0,United States,2024,1,January,2024-01
Flexport,0,2024-01-26,0.2,Logistics,Series E,2400.0,United States,2024,1,January,2024-01
Microsoft,1900,2024-01-25,,Other,Post-IPO,1.0,United States,2024,1,January,2024-01
Swiggy,400,2024-01-25,0.07,Food,Unknown,3600.0,India,2024,1,January,2024-01
Veho,65,2024-01-25,0.19,Logistics,Series B,299.0,United States,2024,1,January,2024-01
Amperity,20,2024-01-25,,Marketing,Series D,187.0,United States,2024,1,January,2024-01
MVPindex,12,2024-01-25,0.3,Marketing,Series B,27.0,United States,2024,1,January,2024-01
Business Insider,0,2024-01-25,0.08,Media,Acquired,56.0,United States,2024,1,January,2024-01
Cova,0,2024-01-25,1.0,Finance,Unknown,0.0,Nigeria,2024,1,January,2024-01
Jamf,0,2024-01-25,0.06,Other,Post-IPO,332.0,United States,2024,1,January,2024-01
Cult.fit,100,2024-01-24,,Fitness,Series F,635.0,India,2024,1,January,2024-01
Personio,100,2024-01-24,,Hr,Series E,724.0,Germany,2024,1,January,2024-01
Storytel,80,2024-01-24,0.13,Media,Post-IPO,275.0,Sweden,2024,1,January,2024-01
Aurora,0,2024-01-24,0.03,Transportation,Post-IPO,3700.0,United States,2024,1,January,2024-01
Desktop Metal,0,2024-01-24,0.2,Other,Post-IPO,811.0,United States,2024,1,January,2024-01
SAP,8000,2024-01-23,0.07,Other,Post-IPO,1300.0,Germany,2024,1,January,2024-01
eBay,1000,2024-01-23,0.09,Retail,Post-IPO,1200.0,United States,2024,1,January,2024-01
Vroom,800,2024-01-23,0.9,Transportation,Post-IPO,1300.0,United States,2024,1,January,2024-01
Brex,282,2024-01-23,0.2,Finance,Series D,1500.0,United States,2024,1,January,2024-01
Cure.fit,120,2024-01-23,,Fitness,Series F,625.0,India,2024,1,January,2024-01
GoStudent,100,2024-01-23,,Education,Series D,686.0,Austria,2024,1,January,2024-01
Jellysmack,30,2024-01-23,,Media,Series C,22.0,France,2024,1,January,2024-01
GoTo,29,2024-01-23,,Other,Acquired,2.0,United States,2024,1,January,2024-01
Seedr,15,2024-01-23,,Finance,Acquired,28.0,United Kingdom,2024,1,January,2024-01
Riot Games,530,2024-01-22,0.11,Consumer,Acquired,21.0,United States,2024,1,January,2024-01
Xendit,200,2024-01-22,,Finance,Series D,534.0,Indonesia,2024,1,January,2024-01
TikTok,60,2024-01-22,,Consumer,Acquired,0.0,United States,2024,1,January,2024-01
SolarEdge,900,2024-01-21,0.16,Energy,Post-IPO,155.0,Israel,2024,1,January,2024-01
Wayfair,1650,2024-01-19,0.13,Retail,Post-IPO,1700.0,United States,2024,1,January,2024-01
Amazon,30,2024-01-18,,Retail,Post-IPO,108.0,United States,2024,1,January,2024-01
YouTube,100,2024-01-17,,Media,Acquired,11.0,United States,2024,1,January,2024-01
Sirplus,60,2024-01-17,,Food,Seed,0.0,Germany,2024,1,January,2024-01
SonderMind,49,2024-01-16,0.17,Healthcare,Series C,183.0,United States,2024,1,January,2024-01
First Mode,48,2024-01-16,0.2,Transportation,Acquired,9.0,United States,2024,1,January,2024-01
ALI Technologies,0,2024-01-16,1.0,Transportation,Unknown,0.0,Japan,2024,1,January,2024-01
Thursday,0,2024-01-16,0.7,Consumer,Seed,3.0,United Kingdom,2024,1,January,2024-01
Veeam,300,2024-01-12,,Data,Acquired,500.0,United States,2024,1,January,2024-01
GrabCAD,13,2024-01-12,,Other,Acquired,28.0,Estonia,2024,1,January,2024-01
Artifact,0,2024-01-12,1.0,Media,Unknown,0.0,United States,2024,1,January,2024-01
Dastgyr,0,2024-01-12,0.8,Retail,Series A,41.0,Pakistan,2024,1,January,2024-01
New Work SE,400,2024-01-11,,Consumer,Post-IPO,0.0,Germany,2024,1,January,2024-01
Playtika,300,2024-01-11,0.1,Consumer,Post-IPO,0.0,Israel,2024,1,January,2024-01
Discord,170,2024-01-11,0.17,Consumer,Series H,995.0,United States,2024,1,January,2024-01
Inmobi,125,2024-01-11,0.05,Marketing,Unknown,320.0,India,2024,1,January,2024-01
Audible,100,2024-01-11,0.05,Media,Acquired,14.0,United States,2024,1,January,2024-01
7Shifts,68,2024-01-11,0.19,Food,Series C,131.0,Canada,2024,1,January,2024-01
Sisense,60,2024-01-11,0.13,Data,Series F,274.0,United States,2024,1,January,2024-01
Cloudflare,40,2024-01-11,,Security,Post-IPO,332.0,United States,2024,1,January,2024-01
Dextrous Robotics,0,2024-01-11,1.0,Logistics,Unknown,0.0,United States,2024,1,January,2024-01
Citrix,1000,2024-01-10,0.12,Infrastructure,Acquired,20.0,United States,2024,1,January,2024-01
Google,1000,2024-01-10,,Consumer,Post-IPO,26.0,United States,2024,1,January,2024-01
IAC,330,2024-01-10,,Consumer,Post-IPO,0.0,United States,2024,1,January,2024-01
FreshDirect,100,2024-01-10,0.03,Food,Acquired,280.0,United States,2024,1,January,2024-01
Beam Benefits,74,2024-01-10,,Healthcare,Series E,168.0,United States,2024,1,January,2024-01
Instagram,60,2024-01-10,,Consumer,Acquired,57.0,United States,2024,1,January,2024-01
ChargePoint,0,2024-01-10,0.12,Manufacturing,Unknown,1400.0,United States,2024,1,January,2024-01
SoFi,0,2024-01-10,0.04,Finance,Post-IPO,3000.0,United States,2024,1,January,2024-01
Twitch,500,2024-01-09,0.35,Consumer,Acquired,35.0,United States,2024,1,January,2024-01
Branch,85,2024-01-09,,Finance,Series C,229.0,United States,2024,1,January,2024-01
Nevro,63,2024-01-09,0.05,Healthcare,Post-IPO,556.0,United States,2024,1,January,2024-01
FullStory,50,2024-01-09,0.1,Marketing,Unknown,197.0,United States,2024,1,January,2024-01
Uber Freight,40,2024-01-09,,Logistics,Subsidiary,2700.0,United States,2024,1,January,2024-01
Rent the Runway,37,2024-01-09,0.1,Retail,Post-IPO,526.0,United States,2024,1,January,2024-01
Treasure Financial,14,2024-01-09,0.6,Finance,Series A,14.0,United States,2024,1,January,2024-01
Humane,10,2024-01-09,0.04,Hardware,Series C,230.0,United States,2024,1,January,2024-01
Trend Micro,0,2024-01-09,0.02,Security,Unknown,0.0,Japan,2024,1,January,2024-01
Unity,1800,2024-01-08,0.25,Other,Post-IPO,1300.0,United States,2024,1,January,2024-01
Flipkart,1100,2024-01-08,0.05,Retail,Acquired,12900.0,India,2024,1,January,2024-01
NuScale Power,154,2024-01-08,0.28,Energy,Post-IPO,470.0,United States,2024,1,January,2024-01
Flexe,99,2024-01-08,0.38,Logistics,Series D,263.0,United States,2024,1,January,2024-01
Pitch,80,2024-01-08,0.67,Other,Series B,138.0,Germany,2024,1,January,2024-01
BenchSci,70,2024-01-08,0.17,Healthcare,Series D,164.0,Canada,2024,1,January,2024-01
Here,0,2024-01-08,1.0,Real Estate,Seed,5.0,United States,2024,1,January,2024-01
Ledger Investing,0,2024-01-08,0.25,Finance,Series B,91.0,United States,2024,1,January,2024-01
MeridianLink,0,2024-01-08,0.09,Finance,Post-IPO,485.0,United States,2024,1,January,2024-01
NanoString Technologies,50,2024-01-06,0.09,Healthcare,Post-IPO,826.0,United States,2024,1,January,2024-01
Cue Health,94,2024-01-05,0.13,Healthcare,Post-IPO,899.0,United States,2024,1,January,2024-01
Trigo,30,2024-01-04,0.15,Retail,Series C,199.0,Israel,2024,1,January,2024-01
InVision,0,2024-01-04,1.0,Product,Series F,356.0,United States,2024,1,January,2024-01
VideoAmp,0,2024-01-04,0.2,Marketing,Series F,456.0,United States,2024,1,January,2024-01
Xerox,3000,2024-01-03,0.15,Hardware,Post-IPO,27200.0,United States,2024,1,January,2024-01
Lazada Group,100,2024-01-03,0.3,Retail,Acquired,7200.0,Singapore,2024,1,January,2024-01
Orca Security,60,2024-01-03,0.15,Security,Series C,632.0,Israel,2024,1,January,2024-01
Frontdesk,200,2024-01-02,1.0,Travel,Unknown,26.0,United States,2024,1,January,2024-01
The Messenger,24,2024-01-02,,Media,Unknown,0.0,United States,2024,1,January,2024-01
Ocado,1000,2023-12-31,,Food,Post-IPO,2000.0,United Kingdom,2023,12,December,2023-12
Bolt.Earth,0,2023-12-29,0.2,Energy,Series B,24.0,India,2023,12,December,2023-12
Strake,0,2023-12-28,1.0,Infrastructure,Unknown,0.0,United States,2023,12,December,2023-12
Paytm,1000,2023-12-25,,Finance,Unknown,0.0,India,2023,12,December,2023-12
Intel,311,2023-12-21,,Hardware,Post-IPO,12.0,United States,2023,12,December,2023-12
Hyperloop One,0,2023-12-21,1.0,Transportation,Unknown,368.0,United States,2023,12,December,2023-12
ShareChat,200,2023-12-20,0.15,Consumer,Series H,1700.0,India,2023,12,December,2023-12
InSightec,100,2023-12-19,0.2,Healthcare,Unknown,733.0,Israel,2023,12,December,2023-12
Kaspien,0,2023-12-19,1.0,Retail,Post-IPO,52.0,United States,2023,12,December,2023-12
Enphase Energy,350,2023-12-18,0.1,Energy,Post-IPO,116.0,United States,2023,12,December,2023-12
Udaan,100,2023-12-18,0.1,Retail,Unknown,1500.0,India,2023,12,December,2023-12
Checkout.com,80,2023-12-18,,Finance,Series D,1800.0,United Kingdom,2023,12,December,2023-12
Arm Holdings,70,2023-12-18,,Hardware,Post-IPO,0.0,China,2023,12,December,2023-12
eBay,20,2023-12-17,,Retail,Post-IPO,1200.0,Israel,2023,12,December,2023-12
Glowforge,30,2023-12-15,,Manufacturing,Series E,133.0,United States,2023,12,December,2023-12
Cruise,900,2023-12-14,0.24,Transportation,Acquired,15000.0,United States,2023,12,December,2023-12
Solarisbank,20,2023-12-14,,Finance,Unknown,385.0,Germany,2023,12,December,2023-12
Bolt,0,2023-12-14,0.29,Finance,Series E,1300.0,United States,2023,12,December,2023-12
Curalie,0,2023-12-14,1.0,Healthcare,Unknown,0.0,Germany,2023,12,December,2023-12
Stellar Pizza,0,2023-12-14,0.5,Food,Series A,25.0,United States,2023,12,December,2023-12
Invitae,235,2023-12-13,0.15,Healthcare,Post-IPO,2500.0,United States,2023,12,December,2023-12
Etsy,225,2023-12-13,0.11,Retail,Post-IPO,97.0,United States,2023,12,December,2023-12
Analog Devices,111,2023-12-13,,Manufacturing,Post-IPO,0.0,United States,2023,12,December,2023-12
ForgeRock,109,2023-12-13,,Other,Acquired,234.0,United States,2023,12,December,2023-12
Flex,31,2023-12-13,,Manufacturing,Unknown,0.0,United States,2023,12,December,2023-12
FourKites,0,2023-12-13,0.15,Logistics,Unknown,241.0,United States,2023,12,December,2023-12
Sojern,0,2023-12-13,0.2,Marketing,Unknown,172.0,United States,2023,12,December,2023-12
TomTom,45,2023-12-12,,Transportation,Post-IPO,0.0,Poland,2023,12,December,2023-12
Chipper Cash,15,2023-12-11,0.33,Finance,Series C,302.0,United States,2023,12,December,2023-12
SmileDirectClub,0,2023-12-09,1.0,Healthcare,Post-IPO,694.0,United States,2023,12,December,2023-12
Sunfolding,0,2023-12-09,1.0,Energy,Series B,32.0,United States,2023,12,December,2023-12
Zulily,839,2023-12-08,1.0,Retail,Acquired,194.0,United States,2023,12,December,2023-12
D2iQ,0,2023-12-08,1.0,Infrastructure,Series D,247.0,United States,2023,12,December,2023-12
Simplilearn,200,2023-12-07,,Education,Acquired,76.0,India,2023,12,December,2023-12
Rivian,20,2023-12-07,,Transportation,Post-IPO,10700.0,United States,2023,12,December,2023-12
Navan,145,2023-12-06,,Travel,Unknown,2200.0,United States,2023,12,December,2023-12
Tidal,40,2023-12-06,0.1,Consumer,Acquired,0.0,United States,2023,12,December,2023-12
ZestMoney,150,2023-12-05,1.0,Finance,Series C,120.0,India,2023,12,December,2023-12
Navan,145,2023-12-05,0.05,Finance,Unknown,2200.0,United States,2023,12,December,2023-12
Incredibuild,40,2023-12-05,0.2,Product,Series B,35.0,Israel,2023,12,December,2023-12
Bill.com,0,2023-12-05,0.15,Finance,Post-IPO,280.0,United States,2023,12,December,2023-12
Course Hero,0,2023-12-05,0.25,Education,Series C,477.0,United States,2023,12,December,2023-12
Pivo,0,2023-12-05,1.0,Finance,Seed,3.0,Nigeria,2023,12,December,2023-12
Spotify,1500,2023-12-04,0.17,Media,Post-IPO,2100.0,Sweden,2023,12,December,2023-12
TuSimple,150,2023-12-04,,Transportation,Post-IPO,648.0,United States,2023,12,December,2023-12
Meow Wolf,8,2023-12-04,,Media,Unknown,185.0,United States,2023,12,December,2023-12
DwellWell,0,2023-12-04,1.0,Real Estate,Seed,6.0,United States,2023,12,December,2023-12
Twilio,0,2023-12-04,0.05,Other,Post-IPO,614.0,United States,2023,12,December,2023-12
Filmic,0,2023-12-01,1.0,Other,Acquired,0.0,United States,2023,12,December,2023-12
Loco,40,2023-11-30,0.36,Consumer,Acquired,52.0,India,2023,11,November,2023-11
Zepz,30,2023-11-30,0.02,Finance,Series E,700.0,United Kingdom,2023,11,November,2023-11
Domo,0,2023-11-30,0.07,Data,Post-IPO,689.0,United States,2023,11,November,2023-11
Vox Media,0,2023-11-30,0.04,Media,Series F,307.0,United States,2023,11,November,2023-11
Unity,265,2023-11-28,0.04,Other,Post-IPO,1300.0,United States,2023,11,November,2023-11
Dataminr,150,2023-11-28,0.2,Ai,Series F,1100.0,United States,2023,11,November,2023-11
Multiverse,0,2023-11-28,0.05,Education,Series D,414.0,United Kingdom,2023,11,November,2023-11
Tier Mobility,0,2023-11-28,0.22,Transportation,Series D,646.0,Germany,2023,11,November,2023-11
VMware,2837,2023-11-27,,Infrastructure,Acquired,393.0,United States,2023,11,November,2023-11
Bytedance,1000,2023-11-27,,Consumer,Unknown,9400.0,China,2023,11,November,2023-11
Our Next Energy,128,2023-11-27,0.25,Transportation,Series B,390.0,United States,2023,11,November,2023-11
Veev,0,2023-11-26,1.0,Construction,Series D,597.0,United States,2023,11,November,2023-11
Anar,0,2023-11-25,1.0,Marketing,Seed,6.0,India,2023,11,November,2023-11
Alerzo,100,2023-11-21,,Retail,Series B,16.0,Nigeria,2023,11,November,2023-11
McMakler,60,2023-11-21,,Real Estate,Unknown,214.0,Germany,2023,11,November,2023-11
Tulip Retail,25,2023-11-21,,Retail,Series C,79.0,Canada,2023,11,November,2023-11
Jodo,100,2023-11-20,,Finance,Series A,19.0,India,2023,11,November,2023-11
Presto,0,2023-11-20,0.17,Food,Post-IPO,167.0,United States,2023,11,November,2023-11
Physics Wallah,120,2023-11-19,0.01,Education,Series A,100.0,India,2023,11,November,2023-11
NextGen Healthcare,84,2023-11-17,,Healthcare,Acquired,0.0,United States,2023,11,November,2023-11
Buildertrend,0,2023-11-17,0.16,Construction,Unknown,0.0,United States,2023,11,November,2023-11
Jane,0,2023-11-17,1.0,Retail,Series A,40.0,United States,2023,11,November,2023-11
Sierra Space,115,2023-11-16,,Aerospace,Series B,1700.0,United States,2023,11,November,2023-11
Paystack,33,2023-11-16,,Finance,Acquired,10.0,Nigeria,2023,11,November,2023-11
Beamery,0,2023-11-16,0.25,Hr,Series D,223.0,United Kingdom,2023,11,November,2023-11
FreshBooks,0,2023-11-15,0.06,Finance,Unknown,331.0,Canada,2023,11,November,2023-11
Singular Genomics,0,2023-11-15,0.1,Healthcare,Post-IPO,176.0,United States,2023,11,November,2023-11
Uleet,0,2023-11-15,1.0,Healthcare,Unknown,0.0,United States,2023,11,November,2023-11
Chewy,200,2023-11-14,,Retail,Post-IPO,451.0,United States,2023,11,November,2023-11
Sarcos,150,2023-11-14,,Aerospace,Post-IPO,316.0,United States,2023,11,November,2023-11
Cake Group,50,2023-11-14,0.3,Crypto,Unknown,0.0,Singapore,2023,11,November,2023-11
Amazon,180,2023-11-13,,Retail,Post-IPO,108.0,United States,2023,11,November,2023-11
TripAdvisor,125,2023-11-12,0.04,Travel,Post-IPO,3.0,United States,2023,11,November,2023-11
OSlash,0,2023-11-09,1.0,Other,Seed,7.0,India,2023,11,November,2023-11
Snap,20,2023-11-08,,Consumer,Post-IPO,4900.0,United States,2023,11,November,2023-11
BigCommerce,0,2023-11-08,0.07,Retail,Post-IPO,224.0,United States,2023,11,November,2023-11
Oportun,185,2023-11-07,0.07,Finance,Post-IPO,766.0,United States,2023,11,November,2023-11
Zillow,23,2023-11-07,,Real Estate,Post-IPO,97.0,United States,2023,11,November,2023-11
Nextdoor,0,2023-11-07,0.25,Consumer,Post-IPO,736.0,United States,2023,11,November,2023-11
Zeus Living,0,2023-11-07,1.0,Real Estate,Series C,151.0,United States,2023,11,November,2023-11
Ava Labs,0,2023-11-06,0.12,Crypto,Unknown,640.0,United States,2023,11,November,2023-11
F5,120,2023-11-03,0.02,Security,Post-IPO,0.0,United States,2023,11,November,2023-11
NIO,0,2023-11-03,0.1,Transportation,Post-IPO,7200.0,China,2023,11,November,2023-11
OpenSea,0,2023-11-03,0.5,Crypto,Series C,427.0,United States,2023,11,November,2023-11
Viasat,800,2023-11-02,0.1,Other,Post-IPO,366.0,United States,2023,11,November,2023-11
Beyond Meat,65,2023-11-02,0.08,Food,Post-IPO,122.0,United States,2023,11,November,2023-11
Sportradar,0,2023-11-02,0.1,Data,Post-IPO,84.0,Switzerland,2023,11,November,2023-11
Informatica,545,2023-11-01,0.1,Data,Post-IPO,0.0,United States,2023,11,November,2023-11
Splunk,500,2023-11-01,0.07,Data,Post-IPO,2400.0,United States,2023,11,November,2023-11
Faire,250,2023-11-01,0.2,Retail,Series G,1700.0,United States,2023,11,November,2023-11
Sana Benefits,73,2023-11-01,0.5,Hr,Series B,106.0,United States,2023,11,November,2023-11
Olive,0,2023-10-31,1.0,Healthcare,Series H,856.0,United States,2023,10,October,2023-10
StepStone,215,2023-10-30,0.05,Recruiting,Acquired,0.0,Germany,2023,10,October,2023-10
Hubilo,50,2023-10-30,,Other,Series B,153.0,United States,2023,10,October,2023-10
Hippo Insurance,120,2023-10-26,0.2,Finance,Post-IPO,1300.0,United States,2023,10,October,2023-10
Graphy,50,2023-10-26,0.2,Education,Subsidiary,0.0,India,2023,10,October,2023-10
Salsify,110,2023-10-25,,Retail,Unknown,453.0,United States,2023,10,October,2023-10
F-Secure,70,2023-10-25,,Security,Post-IPO,0.0,Finland,2023,10,October,2023-10
Virgio,20,2023-10-25,0.33,Retail,Series A,0.0,India,2023,10,October,2023-10
Exabeam,0,2023-10-25,0.2,Security,Series F,391.0,United States,2023,10,October,2023-10
Slync,0,2023-10-25,1.0,Logistics,Series B,76.0,United States,2023,10,October,2023-10
SiFive,130,2023-10-24,0.2,Hardware,Series F,365.0,United States,2023,10,October,2023-10
Pebble,0,2023-10-24,1.0,Consumer,Seed,1.0,United States,2023,10,October,2023-10
Shipt,0,2023-10-24,0.03,Retail,Acquired,65.0,United States,2023,10,October,2023-10
Parity Technologies,100,2023-10-23,0.3,Crypto,Unknown,0.0,United Kingdom,2023,10,October,2023-10
Roblox China,15,2023-10-23,,Consumer,Subsidiary,0.0,China,2023,10,October,2023-10
Nomad Health,119,2023-10-20,0.17,Healthcare,Unknown,218.0,United States,2023,10,October,2023-10
Tropic,26,2023-10-20,,Finance,Series B,67.0,United States,2023,10,October,2023-10
Nomad Health,0,2023-10-20,0.25,Healthcare,Unknown,218.0,United States,2023,10,October,2023-10
Convoy,500,2023-10-19,1.0,Logistics,Series E,1100.0,United States,2023,10,October,2023-10
Bullhorn,140,2023-10-19,0.09,Sales,Acquired,32.0,United States,2023,10,October,2023-10
LegalZoom,100,2023-10-19,,Legal,Post-IPO,951.0,United States,2023,10,October,2023-10
StellarAlgo,21,2023-10-19,0.28,Data,Series A,16.0,Canada,2023,10,October,2023-10
ManoMano,230,2023-10-18,0.25,Retail,Series F,705.0,France,2023,10,October,2023-10
Google,40,2023-10-18,,Consumer,Post-IPO,26.0,United States,2023,10,October,2023-10
WeTransfer,35,2023-10-18,0.1,Other,Series A,64.0,Netherlands,2023,10,October,2023-10
Plume,24,2023-10-18,,Healthcare,Series B,38.0,United States,2023,10,October,2023-10
Belora Paris,0,2023-10-18,1.0,Retail,Seed,0.0,India,2023,10,October,2023-10
Made Renovation,0,2023-10-18,1.0,Construction,Seed,9.0,United States,2023,10,October,2023-10
Volta Trucks,0,2023-10-18,1.0,Transportation,Series C,391.0,Sweden,2023,10,October,2023-10
Expedia,100,2023-10-17,,Travel,Post-IPO,3300.0,United States,2023,10,October,2023-10
LinkedIn,660,2023-10-16,0.03,Recruiting,Acquired,154.0,United States,2023,10,October,2023-10
CityMall,90,2023-10-16,,Retail,Series C,112.0,India,2023,10,October,2023-10
C2FO,80,2023-10-16,0.03,Finance,Series H,537.0,United States,2023,10,October,2023-10
Kayak / OpenTable,80,2023-10-16,,Travel,Acquired,229.0,United States,2023,10,October,2023-10
Bandcamp,58,2023-10-16,0.5,Other,Acquired,0.0,United States,2023,10,October,2023-10
Stack Overflow,0,2023-10-16,0.28,Recruiting,Acquired,153.0,United States,2023,10,October,2023-10
Adda247,300,2023-10-14,,Education,Series B,61.0,India,2023,10,October,2023-10
Flexport,0,2023-10-13,0.2,Logistics,Series E,2400.0,United States,2023,10,October,2023-10
Qualcomm,1258,2023-10-12,0.02,Hardware,Post-IPO,0.0,United States,2023,10,October,2023-10
Lending Club,172,2023-10-12,0.14,Finance,Post-IPO,392.0,United States,2023,10,October,2023-10
MariaDB,84,2023-10-12,0.28,Data,Post-IPO,272.0,United States,2023,10,October,2023-10
Deepgram,20,2023-10-11,0.2,Ai,Series B,86.0,United States,2023,10,October,2023-10
Neon,180,2023-10-10,,Finance,Series D,727.0,Brazil,2023,10,October,2023-10
Stitch Fix,558,2023-10-09,,Retail,Post-IPO,79.0,United States,2023,10,October,2023-10
Carbon Health,114,2023-10-09,0.05,Healthcare,Series D,522.0,United States,2023,10,October,2023-10
Blue Origin,40,2023-10-09,,Aerospace,Unknown,167.0,United States,2023,10,October,2023-10
Braid,0,2023-10-09,1.0,Finance,Unknown,0.0,United States,2023,10,October,2023-10
Product Hunt,0,2023-10-09,0.6,Consumer,Acquired,0.0,United States,2023,10,October,2023-10
VTrips,75,2023-10-07,0.09,Travel,Private Equity,0.0,United States,2023,10,October,2023-10
Juniper Networks,440,2023-10-06,0.04,Hardware,Post-IPO,39.0,United States,2023,10,October,2023-10
InvestCloud,80,2023-10-06,0.05,Finance,Private Equity,54.0,United States,2023,10,October,2023-10
Brave,0,2023-10-06,0.09,Consumer,Series B,42.0,United States,2023,10,October,2023-10
Dash,0,2023-10-06,1.0,Finance,Unknown,86.0,United States,2023,10,October,2023-10
Shift,0,2023-10-06,1.0,Transportation,Post-IPO,504.0,United States,2023,10,October,2023-10
Enovix,185,2023-10-05,,Energy,Post-IPO,516.0,United States,2023,10,October,2023-10
Bizongo,50,2023-10-05,,Retail,Series E,315.0,India,2023,10,October,2023-10
SchoolMint,29,2023-10-05,0.14,Education,Acquired,8.0,United States,2023,10,October,2023-10
SeekOut,16,2023-10-05,0.07,Recruiting,Series C,0.0,United States,2023,10,October,2023-10
Arrival,0,2023-10-05,0.25,Transportation,Post-IPO,629.0,United Kingdom,2023,10,October,2023-10
Ledger,0,2023-10-05,0.12,Crypto,Series C,577.0,France,2023,10,October,2023-10
Qualtrics,780,2023-10-04,0.14,Other,Acquired,400.0,United States,2023,10,October,2023-10
Hopper,250,2023-10-04,0.3,Travel,Unknown,730.0,Canada,2023,10,October,2023-10
Chainalysis,150,2023-10-02,0.15,Crypto,Series F,536.0,United States,2023,10,October,2023-10
Synapse,86,2023-10-02,0.4,Finance,Series B,50.0,United States,2023,10,October,2023-10
Chia Network,26,2023-10-02,0.37,Crypto,Series D,70.0,United States,2023,10,October,2023-10
IronNet,0,2023-10-02,1.0,Security,Post-IPO,428.0,United States,2023,10,October,2023-10
Cowbell,28,2023-09-29,0.12,Finance,Series B,123.0,United States,2023,9,September,2023-09
N26,14,2023-09-29,,Finance,Series E,1700.0,Germany,2023,9,September,2023-09
Andgo,9,2023-09-29,,Hr,Series A,5.0,Canada,2023,9,September,2023-09
Epic Games,870,2023-09-28,0.16,Consumer,Unknown,6400.0,United States,2023,9,September,2023-09
Lululemon Studio,120,2023-09-28,,Fitness,Acquired,75.0,United States,2023,9,September,2023-09
Fit Analytics,0,2023-09-28,1.0,Retail,Acquired,0.0,,2023,9,September,2023-09
Snap,170,2023-09-27,,Consumer,Post-IPO,4900.0,United States,2023,9,September,2023-09
Fi.Money,30,2023-09-27,0.1,Finance,Series C,137.0,India,2023,9,September,2023-09
Dunzo,150,2023-09-26,0.3,Food,Unknown,458.0,India,2023,9,September,2023-09
Flexe,131,2023-09-26,0.33,Logistics,Series D,263.0,United States,2023,9,September,2023-09
Lucid Software,75,2023-09-25,0.07,Other,Series E,170.0,United States,2023,9,September,2023-09
Eat Just,40,2023-09-22,,Food,Unknown,465.0,United States,2023,9,September,2023-09
Appsmith,35,2023-09-22,0.25,,Series B,51.0,United States,2023,9,September,2023-09
Roblox,30,2023-09-22,,Consumer,Post-IPO,857.0,United States,2023,9,September,2023-09
Recast,0,2023-09-22,1.0,Media,Series A,14.0,United Kingdom,2023,9,September,2023-09
DealShare,130,2023-09-21,,Retail,Series E,390.0,India,2023,9,September,2023-09
Merative,100,2023-09-21,,Healthcare,Acquired,0.0,Ireland,2023,9,September,2023-09
Akudo,0,2023-09-20,1.0,Finance,Seed,4.0,India,2023,9,September,2023-09
Outreach,0,2023-09-20,0.12,Sales,Series G,489.0,United States,2023,9,September,2023-09
Nowadays,0,2023-09-18,1.0,Food,Seed,10.0,United States,2023,9,September,2023-09
Cisco,350,2023-09-17,,Infrastructure,Post-IPO,2.0,United States,2023,9,September,2023-09
Hooray Foods,0,2023-09-17,1.0,Food,Seed,7.0,United States,2023,9,September,2023-09
Sage Therapeutics copy,290,2023-09-15,,Healthcare,Post-IPO,438.0,United States,2023,9,September,2023-09
7shifts,30,2023-09-15,0.07,Food,Series C,131.0,Canada,2023,9,September,2023-09
Velocity,0,2023-09-15,0.14,Finance,Series A,30.0,India,2023,9,September,2023-09
Airtable,237,2023-09-14,0.27,Product,Series F,1400.0,United States,2023,9,September,2023-09
Project44,116,2023-09-14,,Logistics,Unknown,817.0,United States,2023,9,September,2023-09
VideoAmp,40,2023-09-14,0.1,Marketing,Series F,456.0,United States,2023,9,September,2023-09
R3,0,2023-09-14,0.2,Crypto,Series A,112.0,United States,2023,9,September,2023-09
Google,75,2023-09-13,,Consumer,Post-IPO,26.0,United States,2023,9,September,2023-09
Akili Labs,0,2023-09-13,0.4,Healthcare,Post-IPO,301.0,United States,2023,9,September,2023-09
Evolve,175,2023-09-12,0.2,Travel,Series F,224.0,United States,2023,9,September,2023-09
Binance.US,100,2023-09-12,0.33,Crypto,Subsidiary,0.0,United States,2023,9,September,2023-09
Paper,87,2023-09-12,0.03,Education,Series D,389.0,Canada,2023,9,September,2023-09
Homeday,40,2023-09-12,0.2,Real Estate,Unknown,71.0,Germany,2023,9,September,2023-09
At-Bay,27,2023-09-12,0.09,Security,Unknown,296.0,United States,2023,9,September,2023-09
Eurora,111,2023-09-11,,Other,Series A,42.0,Estonia,2023,9,September,2023-09
Chargebee,100,2023-09-11,0.1,Finance,Series H,468.0,United States,2023,9,September,2023-09
Divvy Homes,94,2023-09-11,,Real Estate,Series B,180.0,United States,2023,9,September,2023-09
Grabango,34,2023-09-11,0.4,Food,Unknown,94.0,United States,2023,9,September,2023-09
ChargePoint,0,2023-09-08,0.1,Manufacturing,Unknown,1400.0,United States,2023,9,September,2023-09
Drift,100,2023-09-07,0.25,Marketing,Acquired,107.0,United States,2023,9,September,2023-09
Roku,360,2023-09-06,0.1,Media,Post-IPO,208.0,United States,2023,9,September,2023-09
ForeScout,40,2023-09-06,,Security,Acquired,125.0,Israel,2023,9,September,2023-09
iSpecimen,0,2023-09-06,0.2,Healthcare,Post-IPO,31.0,United States,2023,9,September,2023-09
MaxMilhas,82,2023-09-05,0.18,Travel,Unknown,0.0,Brazil,2023,9,September,2023-09
Absci,30,2023-09-05,0.15,Healthcare,Post-IPO,238.0,United States,2023,9,September,2023-09
Hodinkee,24,2023-09-05,0.2,Retail,Seed,40.0,United States,2023,9,September,2023-09
mPharma,150,2023-09-04,,Healthcare,Series D,90.0,Ghana,2023,9,September,2023-09
Xolo,24,2023-09-04,,Finance,Series A,11.0,Estonia,2023,9,September,2023-09
Nexar,17,2023-09-04,0.14,Transportation,Series D,149.0,United States,2023,9,September,2023-09
Khatabook,42,2023-09-01,,Finance,Series C,187.0,India,2023,9,September,2023-09
Clearcover,0,2023-09-01,0.28,Finance,Series D,304.0,United States,2023,9,September,2023-09
Gated,0,2023-09-01,1.0,Other,Seed,3.0,United States,2023,9,September,2023-09
Lunchtime,0,2023-09-01,1.0,Food,Acquired,0.0,Czech Republic,2023,9,September,2023-09
Pegasystems,240,2023-08-31,0.04,Hr,Post-IPO,0.0,United States,2023,8,August,2023-08
Biofourmis,120,2023-08-31,,Healthcare,Series D,464.0,United States,2023,8,August,2023-08
Malwarebytes,100,2023-08-31,,Security,Series B,80.0,United States,2023,8,August,2023-08
Productboard,0,2023-08-31,0.1,Product,Series D,0.0,United States,2023,8,August,2023-08
SkyKick,140,2023-08-30,,Other,Unknown,198.0,United States,2023,8,August,2023-08
Omuni,60,2023-08-30,0.35,Retail,Acquired,10.0,India,2023,8,August,2023-08
Kenko Health,50,2023-08-30,0.2,Healthcare,Series A,14.0,India,2023,8,August,2023-08
Huma,45,2023-08-30,0.1,Healthcare,Unknown,217.0,United Kingdom,2023,8,August,2023-08
Zeplin,37,2023-08-30,0.35,Product,Seed,1.0,United States,2023,8,August,2023-08
Kenko Health,50,2023-08-29,0.2,Healthcare,Unknown,14.0,India,2023,8,August,2023-08
Zebra Technologies,700,2023-08-28,0.07,Manufacturing,Post-IPO,2000.0,United States,2023,8,August,2023-08
CoinSwitch,44,2023-08-28,,Crypto,Series C,301.0,India,2023,8,August,2023-08
Clockwork,0,2023-08-28,1.0,Crypto,Seed,4.0,United States,2023,8,August,2023-08
HackerRank,53,2023-08-27,,Recruiting,Series D,103.0,United States,2023,8,August,2023-08
Cuemath,100,2023-08-26,,Education,Unknown,121.0,India,2023,8,August,2023-08
Captiv8,8,2023-08-24,0.03,Marketing,Unknown,4.0,United States,2023,8,August,2023-08
Chingari,0,2023-08-24,0.5,Media,Unknown,88.0,India,2023,8,August,2023-08
Atlas,150,2023-08-23,0.3,Hr,Series B,220.0,United States,2023,8,August,2023-08
Veriff,101,2023-08-23,0.21,Security,Series C,192.0,Estonia,2023,8,August,2023-08
BlackLine,95,2023-08-23,0.05,Finance,Post-IPO,220.0,United States,2023,8,August,2023-08
Rivos,24,2023-08-23,0.06,Hardware,Unknown,0.0,United States,2023,8,August,2023-08
Cellulant,0,2023-08-23,0.2,Finance,Series C,54.0,Kenya,2023,8,August,2023-08
Getir,2500,2023-08-22,0.11,Food,Series E,1800.0,United Kingdom,2023,8,August,2023-08
CoinDCX,0,2023-08-22,0.12,Crypto,Series D,247.0,India,2023,8,August,2023-08
Hypefast,0,2023-08-22,0.3,Retail,Series A,33.0,Indonesia,2023,8,August,2023-08
Twiga,283,2023-08-20,0.33,Food,Series C,157.0,Kenya,2023,8,August,2023-08
Spartan Poker,125,2023-08-19,0.4,Consumer,Unknown,0.0,India,2023,8,August,2023-08
Times Internet,100,2023-08-18,0.05,Media,Subsidiary,0.0,India,2023,8,August,2023-08
Detectify,30,2023-08-18,,Security,Unknown,42.0,Sweden,2023,8,August,2023-08
Zylo,0,2023-08-18,0.1,Other,Series C,72.0,United States,2023,8,August,2023-08
Illumina,151,2023-08-17,,Healthcare,Post-IPO,28.0,United States,2023,8,August,2023-08
AppFolio,149,2023-08-17,0.09,Real Estate,Post-IPO,30.0,United States,2023,8,August,2023-08
Intel,140,2023-08-17,,Hardware,Post-IPO,12.0,United States,2023,8,August,2023-08
StreamElements,60,2023-08-17,0.35,Media,Series B,111.0,Israel,2023,8,August,2023-08
FlexCar,20,2023-08-16,,Transportation,Unknown,297.0,United States,2023,8,August,2023-08
SecureWorks,300,2023-08-14,0.15,Security,Post-IPO,83.0,United States,2023,8,August,2023-08
Easee,200,2023-08-14,0.57,Energy,Unknown,0.0,Norway,2023,8,August,2023-08
Shutterfly,246,2023-08-10,,Manufacturing,Post-IPO,50.0,United States,2023,8,August,2023-08
SHINE Technologies,59,2023-08-10,,Other,Series C,672.0,United States,2023,8,August,2023-08
Hike,55,2023-08-10,,Consumer,Unknown,261.0,India,2023,8,August,2023-08
Blend,150,2023-08-09,0.19,Finance,Post-IPO,665.0,United States,2023,8,August,2023-08
Niantic,100,2023-08-09,,Other,Series D,770.0,United States,2023,8,August,2023-08
Babylon Health,94,2023-08-09,,Healthcare,Post-IPO,1200.0,United Kingdom,2023,8,August,2023-08
Dealtale,70,2023-08-09,1.0,Sales,Acquired,2.0,Israel,2023,8,August,2023-08
Quizy,0,2023-08-09,1.0,Consumer,Seed,0.0,India,2023,8,August,2023-08
StyleSeat,0,2023-08-09,0.17,Consumer,Series C,40.0,United States,2023,8,August,2023-08
Thoughtworks,579,2023-08-08,0.05,Other,Post-IPO,748.0,United States,2023,8,August,2023-08
Rapid7,470,2023-08-08,0.18,Security,Post-IPO,89.0,United States,2023,8,August,2023-08
MPL,350,2023-08-08,,Consumer,Unknown,375.0,India,2023,8,August,2023-08
Doximity,100,2023-08-08,0.1,Healthcare,Post-IPO,82.0,United States,2023,8,August,2023-08
23andMe,71,2023-08-08,0.11,Healthcare,Post-IPO,1100.0,United States,2023,8,August,2023-08
Caliva,54,2023-08-08,,Retail,Series B,75.0,United States,2023,8,August,2023-08
Sendy,0,2023-08-08,1.0,Logistics,Series B,26.0,Kenya,2023,8,August,2023-08
Verse,0,2023-08-07,1.0,Finance,Acquired,38.0,Spain,2023,8,August,2023-08
Qomplx,60,2023-08-04,,Ai,Series A,107.0,United States,2023,8,August,2023-08
CodeClan,57,2023-08-04,1.0,Education,Seed,0.0,United Kingdom,2023,8,August,2023-08
Top Hat,42,2023-08-04,0.07,Education,Series E,234.0,Canada,2023,8,August,2023-08
Astra,0,2023-08-04,0.25,Aerospace,Post-IPO,300.0,United States,2023,8,August,2023-08
Big Cabal Media,0,2023-08-04,0.19,Media,Seed,3.0,Nigeria,2023,8,August,2023-08
Discord,37,2023-08-03,0.04,Consumer,Series H,995.0,United States,2023,8,August,2023-08
Bardee,30,2023-08-03,,Food,Seed,5.0,Australia,2023,8,August,2023-08
Ayoconnect,0,2023-08-03,0.1,Finance,Series B,43.0,Indonesia,2023,8,August,2023-08
Spinny,300,2023-08-02,0.05,Transportation,Series E,513.0,India,2023,8,August,2023-08
Tekion,300,2023-08-02,0.1,Other,Series D,435.0,India,2023,8,August,2023-08
BetterUp,100,2023-08-02,0.16,Hr,Series E,567.0,United States,2023,8,August,2023-08
Augury,70,2023-08-02,0.18,Manufacturing,Series E,274.0,United States,2023,8,August,2023-08
Gem,70,2023-08-02,,Recruiting,Series C,148.0,United States,2023,8,August,2023-08
Gupy,58,2023-08-02,0.08,Hr,Series B,105.0,Brazil,2023,8,August,2023-08
Salesforce,50,2023-08-02,,Sales,Post-IPO,65.0,Ireland,2023,8,August,2023-08
FamPay,18,2023-08-02,,Finance,Series A,42.0,India,2023,8,August,2023-08
Actyv.ai,0,2023-08-02,0.6,Finance,Seed,12.0,India,2023,8,August,2023-08
ConnectedH,0,2023-08-02,1.0,Healthcare,Seed,2.0,India,2023,8,August,2023-08
HackerOne,0,2023-08-02,0.12,Security,Series E,159.0,United States,2023,8,August,2023-08
Silofit,0,2023-08-02,1.0,Fitness,Series A,19.0,Canada,2023,8,August,2023-08
Vesttoo,150,2023-08-01,0.75,Finance,Series C,110.0,Israel,2023,8,August,2023-08
Planet,117,2023-08-01,0.1,Aerospace,Post-IPO,574.0,United States,2023,8,August,2023-08
Paper,106,2023-08-01,0.04,Education,Series D,389.0,Canada,2023,8,August,2023-08
Archipelago,40,2023-08-01,0.3,Real Estate,Series B,57.0,United States,2023,8,August,2023-08
Increff,0,2023-08-01,0.2,Retail,Series B,17.0,India,2023,8,August,2023-08
inDrive,0,2023-08-01,0.1,Transportation,Unknown,387.0,United States,2023,8,August,2023-08
Outreach,0,2023-08-01,0.05,Sales,Series G,489.0,United States,2023,8,August,2023-08
Qoala,80,2023-07-31,,Finance,Series B,89.0,Indonesia,2023,7,July,2023-07
Fable,13,2023-07-31,0.09,Other,Series A,12.0,Canada,2023,7,July,2023-07
Nexar,12,2023-07-31,,Transportation,Series D,149.0,United States,2023,7,July,2023-07
Kape Technologies,200,2023-07-30,0.3,Security,Post-IPO,188.0,United Kingdom,2023,7,July,2023-07
Eroad,200,2023-07-28,0.31,Transportation,Unknown,46.0,New Zealand,2023,7,July,2023-07
Kape,180,2023-07-28,,Security,Post-IPO,188.0,United Kingdom,2023,7,July,2023-07
Milkbasket,400,2023-07-27,0.67,Food,Acquired,39.0,India,2023,7,July,2023-07
Wish,255,2023-07-27,0.34,Retail,Post-IPO,1600.0,United States,2023,7,July,2023-07
Point,61,2023-07-27,0.28,Real Estate,Series C,149.0,United States,2023,7,July,2023-07
Akseleran,60,2023-07-27,,Finance,Series A,9.0,Indonesia,2023,7,July,2023-07
Verbit,60,2023-07-27,0.06,Data,Series E,569.0,United States,2023,7,July,2023-07
Datree,0,2023-07-27,1.0,Other,Seed,11.0,United States,2023,7,July,2023-07
Copia,350,2023-07-26,0.25,Retail,Series C,103.0,Kenya,2023,7,July,2023-07
Figure,90,2023-07-26,0.2,Crypto,Unknown,1500.0,United States,2023,7,July,2023-07
Calendly,60,2023-07-26,0.1,Other,Series B,351.0,United States,2023,7,July,2023-07
Myntra,50,2023-07-26,,Retail,Acquired,516.0,India,2023,7,July,2023-07
Kleos Space,0,2023-07-26,1.0,Aerospace,Post-IPO,17.0,Luxembourg,2023,7,July,2023-07
Deep Instict,46,2023-07-25,0.15,Security,Unknown,322.0,United States,2023,7,July,2023-07
AppHarvest,0,2023-07-24,1.0,Food,Post-IPO,692.0,United States,2023,7,July,2023-07
PathAI,87,2023-07-21,,Healthcare,Series C,255.0,United States,2023,7,July,2023-07
Bundle Africa,0,2023-07-21,1.0,Crypto,Seed,1.0,Nigeria,2023,7,July,2023-07
Viaplay,450,2023-07-20,0.25,Media,Unknown,0.0,Sweden,2023,7,July,2023-07
Stoa,80,2023-07-20,0.8,Real Estate,Unknown,0.0,United States,2023,7,July,2023-07
AgentSync,67,2023-07-19,0.24,Finance,Series B,111.0,United States,2023,7,July,2023-07
Inspirato,50,2023-07-19,0.06,Travel,Post-IPO,179.0,United States,2023,7,July,2023-07
Tilia,28,2023-07-19,0.32,Finance,Unknown,32.0,United States,2023,7,July,2023-07
Blue Apron,0,2023-07-19,0.2,Food,Post-IPO,422.0,United States,2023,7,July,2023-07
Microsoft,1000,2023-07-18,,Other,Post-IPO,1.0,United States,2023,7,July,2023-07
Cameo,80,2023-07-18,,Consumer,Unknown,165.0,United States,2023,7,July,2023-07
Sarcos,75,2023-07-17,0.25,Aerospace,Post-IPO,316.0,United States,2023,7,July,2023-07
Ezoic,0,2023-07-17,0.28,Infrastructure,Series A,39.0,United States,2023,7,July,2023-07
Binance,1000,2023-07-14,,Crypto,Unknown,0.0,Cayman Islands,2023,7,July,2023-07
PayScale,14,2023-07-14,0.02,Hr,Acquired,33.0,United States,2023,7,July,2023-07
Navi Technologies,200,2023-07-13,,Finance,Unknown,659.0,India,2023,7,July,2023-07
Skill Lync,200,2023-07-13,,Education,Series A,17.0,India,2023,7,July,2023-07
Amazon,80,2023-07-13,,Retail,Post-IPO,108.0,United States,2023,7,July,2023-07
AudioCodes,80,2023-07-13,0.06,Other,Post-IPO,91.0,Israel,2023,7,July,2023-07
Tempo Automation,62,2023-07-13,,Other,Post-IPO,154.0,United States,2023,7,July,2023-07
Uber Freight,40,2023-07-13,,Logistics,Subsidiary,2700.0,United States,2023,7,July,2023-07
Deepwatch,30,2023-07-13,0.07,Security,Series C,256.0,United States,2023,7,July,2023-07
Centr,22,2023-07-13,,Fitness,Unknown,0.0,Australia,2023,7,July,2023-07
Factorial,20,2023-07-13,,Hr,Series C,220.0,Spain,2023,7,July,2023-07
Peloton,11,2023-07-13,,Fitness,Post-IPO,1900.0,United States,2023,7,July,2023-07
Bark,0,2023-07-13,0.08,Retail,Post-IPO,282.0,United States,2023,7,July,2023-07
Khoros,0,2023-07-13,0.05,Sales,Private Equity,138.0,United States,2023,7,July,2023-07
Stitch Fix,400,2023-07-12,,Retail,Post-IPO,79.0,United States,2023,7,July,2023-07
Dapper Labs,51,2023-07-12,,Crypto,Unknown,0.0,Canada,2023,7,July,2023-07
DeepVerge,50,2023-07-12,1.0,Healthcare,Post-IPO,20.0,Ireland,2023,7,July,2023-07
Freightos,50,2023-07-12,0.13,Logistics,Post-IPO,118.0,United States,2023,7,July,2023-07
Duck Creek Technologies,0,2023-07-12,0.09,Finance,Acquired,357.0,United States,2023,7,July,2023-07
WayCool,300,2023-07-11,0.12,Food,Unknown,363.0,India,2023,7,July,2023-07
Matterport,170,2023-07-11,0.3,Data,Post-IPO,409.0,United States,2023,7,July,2023-07
Everquote,100,2023-07-11,,Finance,Post-IPO,53.0,United States,2023,7,July,2023-07
Sisense,100,2023-07-11,0.15,Data,Series F,274.0,United States,2023,7,July,2023-07
Butterfly Network copy,0,2023-07-11,0.25,Healthcare,Post-IPO,530.0,United States,2023,7,July,2023-07
Shift,0,2023-07-11,0.34,Transportation,Post-IPO,504.0,United States,2023,7,July,2023-07
Rad Power Bikes,40,2023-07-10,,Transportation,Series D,329.0,United States,2023,7,July,2023-07
FrontRow,0,2023-07-10,1.0,Education,Series A,17.0,India,2023,7,July,2023-07
Latch,0,2023-07-10,0.59,Security,Post-IPO,342.0,United States,2023,7,July,2023-07
Motive,0,2023-07-10,0.05,Transportation,Series F,567.0,United States,2023,7,July,2023-07
Medsaf,30,2023-07-07,1.0,Healthcare,Unknown,0.0,Nigeria,2023,7,July,2023-07
Amdocs,2000,2023-07-06,0.06,Support,Post-IPO,0.0,United States,2023,7,July,2023-07
FNZ,1000,2023-07-06,0.15,Finance,Private Equity,1400.0,United Kingdom,2023,7,July,2023-07
Perfect Day,134,2023-07-06,0.15,Food,Series D,711.0,United States,2023,7,July,2023-07
Solidigm,98,2023-07-06,,Hardware,Unknown,0.0,United States,2023,7,July,2023-07
TytoCare,20,2023-07-06,0.1,Healthcare,Series D,156.0,United States,2023,7,July,2023-07
Athennian,30,2023-07-05,,Legal,Series B,47.0,Canada,2023,7,July,2023-07
Vista Group,0,2023-07-05,0.06,Data,Post-IPO,0.0,New Zealand,2023,7,July,2023-07
Highsnobiety,24,2023-07-03,0.1,Media,Acquired,8.0,Germany,2023,7,July,2023-07
Zip,300,2023-07-02,0.2,Finance,Post-IPO,896.0,Australia,2023,7,July,2023-07
Buzzer,0,2023-06-30,1.0,Consumer,Series A,24.0,United States,2023,6,June,2023-06
Lunya,0,2023-06-30,1.0,Retail,Unknown,0.0,United States,2023,6,June,2023-06
MediaMath,0,2023-06-30,1.0,Marketing,Private Equity,607.0,United States,2023,6,June,2023-06
Petal,0,2023-06-30,0.2,Finance,Series D,704.0,United States,2023,6,June,2023-06
Niantic,230,2023-06-29,,Other,Series D,770.0,United States,2023,6,June,2023-06
Headspace,181,2023-06-29,0.15,Healthcare,Unknown,216.0,United States,2023,6,June,2023-06
Artsy,35,2023-06-29,0.15,Retail,Series D,100.0,United States,2023,6,June,2023-06
Candy Digital,30,2023-06-29,,Crypto,Series A,138.0,United States,2023,6,June,2023-06
Xiaomi India,30,2023-06-29,,Other,Subsidiary,0.0,India,2023,6,June,2023-06
Torii,28,2023-06-29,0.3,Other,Series B,65.0,Israel,2023,6,June,2023-06
Insider Intelligence,20,2023-06-29,,Media,Subsidiary,0.0,United States,2023,6,June,2023-06
Merama,0,2023-06-29,0.1,Retail,Series B,445.0,Mexico,2023,6,June,2023-06
Qyuki,0,2023-06-29,0.3,Other,Seed,19.0,India,2023,6,June,2023-06
Vowel,0,2023-06-29,1.0,Other,Series A,18.0,United States,2023,6,June,2023-06
ClickUp,90,2023-06-28,0.1,Other,Series C,537.0,United States,2023,6,June,2023-06
Ludia,55,2023-06-28,,Consumer,Acquired,1.0,,2023,6,June,2023-06
Karat,47,2023-06-28,,Hr,Unknown,169.0,United States,2023,6,June,2023-06
Plex,37,2023-06-28,0.2,Media,Unknown,81.0,United States,2023,6,June,2023-06
Starburst,0,2023-06-28,0.15,Data,Series D,414.0,United States,2023,6,June,2023-06
Zapier,0,2023-06-28,0.1,Other,Seed,1.0,United States,2023,6,June,2023-06
Selina,350,2023-06-27,,Travel,Post-IPO,612.0,United Kingdom,2023,6,June,2023-06
New Relic,255,2023-06-27,0.1,Infrastructure,Post-IPO,214.0,United States,2023,6,June,2023-06
Tibber,50,2023-06-27,,Energy,Series C,181.0,Norway,2023,6,June,2023-06
Eyowo,0,2023-06-27,1.0,Finance,Unknown,0.0,Nigeria,2023,6,June,2023-06
Honor,0,2023-06-27,0.15,Healthcare,Unknown,625.0,United States,2023,6,June,2023-06
Loopio,0,2023-06-27,0.09,Sales,Private Equity,263.0,Canada,2023,6,June,2023-06
Lordstown Motors,0,2023-06-27,1.0,Transportation,Post-IPO,1100.0,United States,2023,6,June,2023-06
Payoneer,200,2023-06-26,0.1,Finance,Post-IPO,0.0,United States,2023,6,June,2023-06
Robinhood,150,2023-06-26,0.07,Finance,Post-IPO,5600.0,United States,2023,6,June,2023-06
Convoy,30,2023-06-26,0.05,Logistics,Series E,1100.0,United States,2023,6,June,2023-06
Joonko,0,2023-06-25,1.0,Recruiting,Series B,38.0,United States,2023,6,June,2023-06
IRL,0,2023-06-23,1.0,Consumer,Series C,197.0,United States,2023,6,June,2023-06
Retool,0,2023-06-22,0.09,Other,Series C,141.0,United States,2023,6,June,2023-06
Anaplan,300,2023-06-21,,Other,Acquired,300.0,United States,2023,6,June,2023-06
Uber,200,2023-06-21,,Transportation,Post-IPO,25200.0,United States,2023,6,June,2023-06
Tackle.io,75,2023-06-21,,Infrastructure,Series C,148.0,United States,2023,6,June,2023-06
Ritual,38,2023-06-21,0.4,Food,Series C,134.0,Canada,2023,6,June,2023-06
Mutiny,0,2023-06-21,0.3,Marketing,Series B,69.0,United States,2023,6,June,2023-06
Grab,1000,2023-06-20,0.11,Transportation,Post-IPO,16500.0,Singapore,2023,6,June,2023-06
OLX Group,800,2023-06-20,,Marketing,Acquired,0.0,Netherlands,2023,6,June,2023-06
AvantStay,37,2023-06-20,,Travel,Private Equity,686.0,United States,2023,6,June,2023-06
Karakuki,0,2023-06-20,1.0,Food,Unknown,13.0,United Kingdom,2023,6,June,2023-06
Chingari,48,2023-06-19,0.2,Media,Unknown,88.0,India,2023,6,June,2023-06
Panther,0,2023-06-19,1.0,Hr,Seed,2.0,United States,2023,6,June,2023-06
Fuzzy,0,2023-06-18,1.0,Healthcare,Series C,80.0,United States,2023,6,June,2023-06
Mojocare,170,2023-06-17,0.8,Healthcare,Series A,24.0,India,2023,6,June,2023-06
Nikola,270,2023-06-16,,Transportation,Post-IPO,3300.0,United States,2023,6,June,2023-06
Qualcomm,84,2023-06-16,,Hardware,Post-IPO,0.0,United States,2023,6,June,2023-06
Pilot,45,2023-06-16,0.13,Finance,Unknown,116.0,United States,2023,6,June,2023-06
Karshare,0,2023-06-16,1.0,Transportation,Seed,4.0,United Kingdom,2023,6,June,2023-06
CareRev,100,2023-06-15,0.33,Healthcare,Series A,51.0,United States,2023,6,June,2023-06
TADA,45,2023-06-15,0.6,Transportation,Subsidiary,0.0,South Korea,2023,6,June,2023-06
FrontRow,0,2023-06-15,0.9,Education,Series A,17.0,India,2023,6,June,2023-06
Bitwise,900,2023-06-14,1.0,Crypto,Series B,84.0,United States,2023,6,June,2023-06
Sonos,130,2023-06-14,0.07,Consumer,Post-IPO,455.2,United States,2023,6,June,2023-06
TrueCar,102,2023-06-14,0.24,Transportation,Post-IPO,340.0,United States,2023,6,June,2023-06
Olo,81,2023-06-14,0.11,Food,Post-IPO,184.0,United States,2023,6,June,2023-06
Mamaearth,80,2023-06-14,,Retail,Unknown,111.0,India,2023,6,June,2023-06
Synapse,0,2023-06-14,0.18,Finance,Series B,50.0,United States,2023,6,June,2023-06
Western Digital,211,2023-06-13,,Hardware,Post-IPO,900.0,United States,2023,6,June,2023-06
JupiterOne,8,2023-06-13,,Security,Series C,119.0,United States,2023,6,June,2023-06
Grubhub,400,2023-06-12,0.15,Food,Acquired,284.0,United States,2023,6,June,2023-06
GoCardless,150,2023-06-12,0.17,Finance,Series G,529.0,United Kingdom,2023,6,June,2023-06
Pendo,100,2023-06-12,0.12,Product,Series F,469.0,United States,2023,6,June,2023-06
Chegg,80,2023-06-12,0.04,Education,Post-IPO,227.0,United States,2023,6,June,2023-06
dot.LA,0,2023-06-12,1.0,Media,Seed,4.0,United States,2023,6,June,2023-06
TaxBit,80,2023-06-11,0.4,Crypto,Unknown,253.0,United States,2023,6,June,2023-06
Tiki,0,2023-06-11,1.0,Consumer,Unknown,0.0,Singapore,2023,6,June,2023-06
Trybe,128,2023-06-09,0.35,Education,Series B,40.0,Brazil,2023,6,June,2023-06
23andMe,75,2023-06-09,0.09,Healthcare,Post-IPO,1100.0,United States,2023,6,June,2023-06
Expel,60,2023-06-09,0.1,Security,Series E,288.0,United States,2023,6,June,2023-06
Branch,186,2023-06-08,,Finance,Series C,229.0,United States,2023,6,June,2023-06
Cityblock Health,155,2023-06-08,0.12,Healthcare,Series D,891.0,United States,2023,6,June,2023-06
Highspot,140,2023-06-08,0.15,Sales,Series F,644.0,United States,2023,6,June,2023-06
Opora,0,2023-06-08,1.0,Security,Seed,7.0,United States,2023,6,June,2023-06
Byju's,1000,2023-06-07,,Education,Private Equity,5500.0,India,2023,6,June,2023-06
Nubank,296,2023-06-07,,Finance,Post-IPO,4100.0,Brazil,2023,6,June,2023-06
Sumo Logic,79,2023-06-07,,Data,Acquired,340.0,United States,2023,6,June,2023-06
Flatiron Health,39,2023-06-07,,Healthcare,Acquired,324.0,United States,2023,6,June,2023-06
HashiCorp,0,2023-06-07,0.08,Infrastructure,Post-IPO,349.0,United States,2023,6,June,2023-06
Coherent,196,2023-06-06,,Manufacturing,Post-IPO,0.0,United States,2023,6,June,2023-06
Edgio,134,2023-06-06,0.12,Infrastructure,Post-IPO,462.0,United States,2023,6,June,2023-06
Reddit,90,2023-06-06,0.05,Consumer,Series F,1300.0,United States,2023,6,June,2023-06
Linktree,60,2023-06-06,0.27,Consumer,Unknown,165.0,Australia,2023,6,June,2023-06
Dragos,50,2023-06-06,0.09,Security,Series D,364.0,United States,2023,6,June,2023-06
Unity,50,2023-06-06,,Other,Post-IPO,1300.0,United States,2023,6,June,2023-06
Mara,6,2023-06-06,,Crypto,Seed,23.0,Kenya,2023,6,June,2023-06
Bunnii,0,2023-06-06,1.0,Healthcare,Unknown,0.0,United States,2023,6,June,2023-06
Spotify,200,2023-06-05,0.02,Media,Post-IPO,2100.0,Sweden,2023,6,June,2023-06
Meati Foods,0,2023-06-03,0.05,Food,Series C,274.0,United States,2023,6,June,2023-06
ZoomInfo,120,2023-06-02,0.03,Sales,Post-IPO,7.0,Canada,2023,6,June,2023-06
Staffbase,90,2023-06-02,,Other,Series E,307.0,Germany,2023,6,June,2023-06
Zume,0,2023-06-02,1.0,Food,Unknown,423.0,United States,2023,6,June,2023-06
Haven Technologies,280,2023-06-01,0.7,Finance,Subsidiary,0.0,United States,2023,6,June,2023-06
Mural,170,2023-06-01,,Product,Series C,192.0,United States,2023,6,June,2023-06
Glamyo Health,160,2023-06-01,,Healthcare,Series B,9.0,India,2023,6,June,2023-06
Outbrain,90,2023-06-01,0.1,Marketing,Post-IPO,394.0,United States,2023,6,June,2023-06
CoachHub,0,2023-06-01,0.1,Hr,Series C,332.0,Germany,2023,6,June,2023-06
SentinelOne,0,2023-06-01,0.05,Security,Post-IPO,696.0,United States,2023,6,June,2023-06
SmartAsset,0,2023-06-01,0.19,Finance,Series D,161.0,United States,2023,6,June,2023-06
Zendesk,320,2023-05-31,0.08,Support,Acquired,85.0,United States,2023,5,May,2023-05
ZipRecruiter,270,2023-05-31,0.2,Recruiting,Post-IPO,769.0,United States,2023,5,May,2023-05
Vendr,100,2023-05-31,0.25,Other,Series B,216.0,United States,2023,5,May,2023-05
McMakler,60,2023-05-31,,Real Estate,Unknown,214.0,Germany,2023,5,May,2023-05
Mux,40,2023-05-31,0.3,Infrastructure,Series D,173.0,United States,2023,5,May,2023-05
Away,22,2023-05-31,0.08,Retail,Series D,181.0,United States,2023,5,May,2023-05
Taxfix,120,2023-05-30,0.2,Finance,Series D,330.0,Germany,2023,5,May,2023-05
Mensa Brands,30,2023-05-30,,Retail,Unknown,254.0,India,2023,5,May,2023-05
Evolve,164,2023-05-29,0.14,Travel,Series F,224.0,United States,2023,5,May,2023-05
Project44,130,2023-05-26,0.1,Logistics,Unknown,817.0,United States,2023,5,May,2023-05
DHI Group,53,2023-05-26,0.1,Recruiting,Post-IPO,0.0,United States,2023,5,May,2023-05
BenevolentAI,180,2023-05-25,,Healthcare,Private Equity,292.0,United Kingdom,2023,5,May,2023-05
Airmeet,75,2023-05-25,0.3,Marketing,Series B,50.0,India,2023,5,May,2023-05
Circus Kitchens,35,2023-05-25,,Food,Seed,12.0,Germany,2023,5,May,2023-05
Jellysmack,13,2023-05-25,,Media,Series C,22.0,France,2023,5,May,2023-05
Kabam,0,2023-05-25,0.12,Consumer,Acquired,244.0,United States,2023,5,May,2023-05
Guild,172,2023-05-24,0.12,Education,Series F,643.0,United States,2023,5,May,2023-05
WillowTree,120,2023-05-24,0.11,Marketing,Acquired,0.0,United States,2023,5,May,2023-05
Flink,100,2023-05-24,0.16,Food,Series B,1000.0,Germany,2023,5,May,2023-05
Western Digital,60,2023-05-24,0.07,Hardware,Post-IPO,900.0,Israel,2023,5,May,2023-05
Alibaba Cloud,0,2023-05-24,0.07,Data,Subsidiary,0.0,China,2023,5,May,2023-05
Brainly,0,2023-05-24,0.3,Education,Series D,148.0,Poland,2023,5,May,2023-05
Reliance JioMart,1000,2023-05-23,,Food,Subsidiary,0.0,India,2023,5,May,2023-05
Qualcomm,30,2023-05-23,,Hardware,Post-IPO,0.0,Israel,2023,5,May,2023-05
SoundCloud,0,2023-05-23,0.08,Consumer,Unknown,542.0,Germany,2023,5,May,2023-05
AppFolio,62,2023-05-22,,Real Estate,Post-IPO,30.0,United States,2023,5,May,2023-05
Daylight,0,2023-05-22,1.0,Finance,Series A,20.0,United States,2023,5,May,2023-05
FemTech Health,0,2023-05-22,1.0,Healthcare,Unknown,0.0,United States,2023,5,May,2023-05
Moss,30,2023-05-19,,Finance,Series B,150.0,Germany,2023,5,May,2023-05
Pie Insurance,63,2023-05-18,0.14,Finance,Series D,621.0,United States,2023,5,May,2023-05
dbt Labs,0,2023-05-18,0.15,Data,Series D,414.0,United States,2023,5,May,2023-05
L1ght,0,2023-05-18,1.0,Other,Seed,15.0,Israel,2023,5,May,2023-05
TuSimple,0,2023-05-18,0.3,Transportation,Post-IPO,648.0,United States,2023,5,May,2023-05
Stash,40,2023-05-17,0.1,Finance,Unknown,480.0,United States,2023,5,May,2023-05
Formstack,0,2023-05-17,0.4,Other,Private Equity,425.0,United States,2023,5,May,2023-05
Cerner,3000,2023-05-16,0.11,Healthcare,Acquired,0.0,United States,2023,5,May,2023-05
Zepz,420,2023-05-16,0.26,Finance,Series E,700.0,United Kingdom,2023,5,May,2023-05
Lemonade,45,2023-05-16,0.03,Finance,Post-IPO,481.0,United States,2023,5,May,2023-05
Quanto,0,2023-05-16,0.85,Finance,Series A,20.0,Brazil,2023,5,May,2023-05
Cana,0,2023-05-13,1.0,Food,Unknown,30.0,United States,2023,5,May,2023-05
Nuro,340,2023-05-12,0.3,Transportation,Series D,2100.0,United States,2023,5,May,2023-05
Telenav,172,2023-05-12,,Transportation,Post-IPO,30.0,Romania,2023,5,May,2023-05
Happay,160,2023-05-12,0.35,Finance,Acquired,21.0,India,2023,5,May,2023-05
Slickdeals,79,2023-05-12,0.33,Retail,Unknown,0.0,United States,2023,5,May,2023-05
Toothsi,20,2023-05-12,,Healthcare,Series C,87.0,India,2023,5,May,2023-05
Everlaw,0,2023-05-12,0.1,Legal,Series D,298.0,United States,2023,5,May,2023-05
Tessera,0,2023-05-12,1.0,Crypto,Series A,43.0,United States,2023,5,May,2023-05
Cornershop,250,2023-05-11,0.11,Food,Acquired,31.0,Chile,2023,5,May,2023-05
Varo,97,2023-05-11,,Finance,Series E,992.0,United States,2023,5,May,2023-05
CS Disco,0,2023-05-11,0.08,Legal,Post-IPO,233.0,United States,2023,5,May,2023-05
Microsoft,158,2023-05-10,,Other,Post-IPO,1.0,United States,2023,5,May,2023-05
Redbubble,70,2023-05-10,0.23,Retail,Post-IPO,55.0,Australia,2023,5,May,2023-05
Similarweb,60,2023-05-10,0.06,Other,Post-IPO,235.0,United States,2023,5,May,2023-05
Stack Overflow,58,2023-05-10,0.1,Recruiting,Acquired,153.0,United States,2023,5,May,2023-05
Akamai,290,2023-05-09,0.03,Security,Post-IPO,35.0,United States,2023,5,May,2023-05
Sonatype,100,2023-05-09,0.14,Security,Acquired,154.0,United States,2023,5,May,2023-05
AudioCodes,80,2023-05-09,0.06,Other,Post-IPO,91.0,Israel,2023,5,May,2023-05
Marqeta,0,2023-05-09,0.15,Finance,Post-IPO,530.0,United States,2023,5,May,2023-05
LinkedIn,716,2023-05-08,0.04,Recruiting,Acquired,154.0,United States,2023,5,May,2023-05
Cuemath,100,2023-05-08,,Education,Unknown,121.0,India,2023,5,May,2023-05
Momentis Surgical,70,2023-05-08,0.6,Healthcare,Series D,0.0,Israel,2023,5,May,2023-05
Glean AI,5,2023-05-08,,Finance,Seed,11.0,United States,2023,5,May,2023-05
Everledger,0,2023-05-08,1.0,Crypto,Unknown,27.0,Australia,2023,5,May,2023-05
Twist Bioscience,270,2023-05-05,0.25,Healthcare,Post-IPO,503.0,United States,2023,5,May,2023-05
Meesho,251,2023-05-05,0.15,Retail,Series F,1100.0,India,2023,5,May,2023-05
Teachmint,70,2023-05-05,,Education,Series B,118.0,India,2023,5,May,2023-05
Eventus,0,2023-05-05,0.33,Finance,Series B,45.0,United States,2023,5,May,2023-05
Shopify,2300,2023-05-04,0.2,Retail,Post-IPO,122.0,Canada,2023,5,May,2023-05
Sabre,1100,2023-05-04,0.15,Travel,Post-IPO,1700.0,United States,2023,5,May,2023-05
Scribe Media,90,2023-05-04,1.0,Marketing,Unknown,0.0,United States,2023,5,May,2023-05
Autograph,30,2023-05-04,0.33,Crypto,Series B,205.0,United States,2023,5,May,2023-05
Earnix,30,2023-05-04,0.1,Finance,Unknown,100.0,Israel,2023,5,May,2023-05
Karma,20,2023-05-04,0.28,Retail,Series A,34.0,Israel,2023,5,May,2023-05
Glassbox,0,2023-05-04,0.14,Data,Series C,70.0,United Kingdom,2023,5,May,2023-05
Unity,600,2023-05-03,0.08,Other,Post-IPO,1300.0,United States,2023,5,May,2023-05
Upwork,137,2023-05-03,0.15,Other,Post-IPO,168.0,United States,2023,5,May,2023-05
Cars24,100,2023-05-03,,Transportation,Series G,1300.0,Indonesia,2023,5,May,2023-05
Brightcove,70,2023-05-03,0.1,Marketing,Post-IPO,145.0,United States,2023,5,May,2023-05
Healthy.io,70,2023-05-03,0.33,Healthcare,Series D,185.0,Israel,2023,5,May,2023-05
Zymergen,27,2023-05-03,,Other,Acquired,974.0,United States,2023,5,May,2023-05
TheSkimm,22,2023-05-03,0.13,Media,Series C,28.0,United States,2023,5,May,2023-05
Brightline,0,2023-05-03,0.2,Healthcare,Series C,212.0,United States,2023,5,May,2023-05
Bishop Fox,50,2023-05-02,0.13,Security,Series B,146.0,United States,2023,5,May,2023-05
Zoomo,27,2023-05-02,0.08,Transportation,Series B,105.0,Australia,2023,5,May,2023-05
Vallai,0,2023-05-02,1.0,Data,Seed,0.0,France,2023,5,May,2023-05
SAS,250,2023-05-01,,Data,Unknown,0.0,United States,2023,5,May,2023-05
Lev,34,2023-05-01,,Real Estate,Series B,114.0,United States,2023,5,May,2023-05
Vah Vah!,150,2023-04-30,,Education,Seed,2.0,India,2023,4,April,2023-04
Cogito,177,2023-04-29,,Data,Unknown,0.0,India,2023,4,April,2023-04
Cue Health,326,2023-04-28,0.3,Healthcare,Post-IPO,899.0,United States,2023,4,April,2023-04
N26,71,2023-04-28,0.04,Finance,Series E,1700.0,Germany,2023,4,April,2023-04
Embark Vet,28,2023-04-28,,Healthcare,Series B,94.0,United States,2023,4,April,2023-04
Poparazzi,0,2023-04-28,1.0,Consumer,Series A,15.0,United States,2023,4,April,2023-04
Providoor,0,2023-04-28,1.0,Food,Unknown,0.0,Australia,2023,4,April,2023-04
Dropbox,500,2023-04-27,0.16,Other,Post-IPO,1700.0,United States,2023,4,April,2023-04
Alteryx,320,2023-04-27,0.11,Data,Post-IPO,613.0,United States,2023,4,April,2023-04
Vroom,120,2023-04-27,0.11,Transportation,Post-IPO,1300.0,United States,2023,4,April,2023-04
Greenhouse,100,2023-04-27,0.12,Recruiting,Private Equity,110.0,United States,2023,4,April,2023-04
Rebellion Defense,90,2023-04-27,,Data,Series B,150.0,United States,2023,4,April,2023-04
Poppulo,85,2023-04-27,,Hr,Acquired,30.0,United States,2023,4,April,2023-04
Megaport,50,2023-04-27,0.16,Infrastructure,Post-IPO,98.0,Australia,2023,4,April,2023-04
Airtasker,45,2023-04-27,0.2,Retail,Series C,26.0,Australia,2023,4,April,2023-04
Chief,43,2023-04-27,0.14,Other,Series B,140.0,United States,2023,4,April,2023-04
Tickertape,29,2023-04-27,0.29,Finance,Seed,5.0,India,2023,4,April,2023-04
Clubhouse,0,2023-04-27,0.5,Consumer,Series C,110.0,United States,2023,4,April,2023-04
Oddle,0,2023-04-27,0.25,Food,Series B,9.0,Singapore,2023,4,April,2023-04
Extramarks,300,2023-04-26,,Education,Unknown,0.0,India,2023,4,April,2023-04
Teampay,30,2023-04-26,0.33,Finance,Series B,79.0,United States,2023,4,April,2023-04
RenoRun,0,2023-04-26,1.0,Construction,Series B,163.0,Canada,2023,4,April,2023-04
Skill Lync,400,2023-04-25,,Education,Series A,17.0,India,2023,4,April,2023-04
Rapid,115,2023-04-25,0.5,Finance,Series D,272.0,United States,2023,4,April,2023-04
Rapid,70,2023-04-25,0.3,Finance,Series D,272.0,United States,2023,4,April,2023-04
Flink,8000,2023-04-24,0.4,Food,Series B,1000.0,Germany,2023,4,April,2023-04
Red Hat,760,2023-04-24,0.04,Other,Acquired,0.0,United States,2023,4,April,2023-04
BigPanda,40,2023-04-24,0.13,Infrastructure,Series E,337.0,United States,2023,4,April,2023-04
Lyft,1072,2023-04-21,0.26,Transportation,Post-IPO,4900.0,United States,2023,4,April,2023-04
Benchling,74,2023-04-21,0.09,Other,Series F,411.0,United States,2023,4,April,2023-04
BuzzFeed,180,2023-04-20,0.15,Media,Post-IPO,696.0,United States,2023,4,April,2023-04
Koo,78,2023-04-20,0.3,Consumer,Series B,50.0,India,2023,4,April,2023-04
Open,47,2023-04-20,,Finance,Series D,190.0,India,2023,4,April,2023-04
Gloat,35,2023-04-20,0.12,Hr,Series D,192.0,United States,2023,4,April,2023-04
Insider,0,2023-04-20,0.1,Media,Unknown,0.0,United States,2023,4,April,2023-04
Iress,0,2023-04-20,0.1,Finance,Unknown,0.0,Australia,2023,4,April,2023-04
F5,623,2023-04-19,0.09,Security,Post-IPO,0.0,United States,2023,4,April,2023-04
WalkMe,112,2023-04-19,0.1,Other,Post-IPO,307.0,United States,2023,4,April,2023-04
Opendoor,560,2023-04-18,0.22,Real Estate,Post-IPO,1900.0,United States,2023,4,April,2023-04
Noon,340,2023-04-18,0.1,Retail,Unknown,0.0,Saudi Arabia,2023,4,April,2023-04
Culture Amp,90,2023-04-18,0.09,Hr,Series F,257.0,Australia,2023,4,April,2023-04
TRM Labs,16,2023-04-18,0.09,Crypto,Series B,149.0,United States,2023,4,April,2023-04
CoLab,0,2023-04-18,1.0,Food,Seed,3.0,Australia,2023,4,April,2023-04
Ten Square Games,120,2023-04-17,0.25,Consumer,Seed,0.0,Poland,2023,4,April,2023-04
Clearcover,81,2023-04-17,0.15,Finance,Series D,304.0,United States,2023,4,April,2023-04
Paper,81,2023-04-17,0.03,Education,Series D,389.0,Canada,2023,4,April,2023-04
Ynsect,17,2023-04-17,0.25,Food,Series D,579.0,France,2023,4,April,2023-04
Utopia Music,0,2023-04-17,0.15,Other,Series B,0.0,Switzerland,2023,4,April,2023-04
Quadream,0,2023-04-16,1.0,Security,Unknown,0.0,Israel,2023,4,April,2023-04
Drip Capital,75,2023-04-14,0.2,Finance,Series C,85.0,United States,2023,4,April,2023-04
Community Gaming,17,2023-04-14,0.17,Crypto,Series A,18.0,United States,2023,4,April,2023-04
Calibrate,0,2023-04-14,0.18,Healthcare,Series B,127.0,United States,2023,4,April,2023-04
OpenClassrooms,0,2023-04-14,0.25,Education,Series C,150.0,France,2023,4,April,2023-04
Snyk,128,2023-04-13,,Security,Series F,849.0,United States,2023,4,April,2023-04
Astronomer,100,2023-04-13,0.4,Data,Series C,282.0,United States,2023,4,April,2023-04
Bluepad,0,2023-04-13,1.0,Media,Seed,0.0,India,2023,4,April,2023-04
Heygo,0,2023-04-13,1.0,Travel,Series A,20.0,United Kingdom,2023,4,April,2023-04
Lazerpay,0,2023-04-13,1.0,Crypto,Unknown,0.0,Nigeria,2023,4,April,2023-04
Viasat,300,2023-04-12,0.04,Other,Post-IPO,366.0,United States,2023,4,April,2023-04
Science 37,140,2023-04-12,,Healthcare,Post-IPO,347.0,United States,2023,4,April,2023-04
Medtronic,59,2023-04-12,,Healthcare,Post-IPO,5900.0,United States,2023,4,April,2023-04
Milkrun,400,2023-04-11,1.0,Food,Series A,86.0,Australia,2023,4,April,2023-04
Redfin,201,2023-04-11,0.04,Real Estate,Post-IPO,320.0,United States,2023,4,April,2023-04
Permutive,80,2023-04-11,0.4,Marketing,Series C,105.0,United Kingdom,2023,4,April,2023-04
Examedi,45,2023-04-11,0.25,Healthcare,Unknown,19.0,Chile,2023,4,April,2023-04
Euler Motors,0,2023-04-11,0.1,Transportation,Series C,92.0,India,2023,4,April,2023-04
Flock Freight,45,2023-04-10,0.08,Logistics,Series D,399.0,United States,2023,4,April,2023-04
Nori,10,2023-04-10,0.37,Energy,Unknown,13.0,United States,2023,4,April,2023-04
Simpl,150,2023-04-09,0.25,Finance,Series B,71.0,India,2023,4,April,2023-04
Practo,41,2023-04-08,,Healthcare,Series D,222.0,India,2023,4,April,2023-04
Pear Therapeutics,170,2023-04-07,0.92,Healthcare,Post-IPO,409.0,United States,2023,4,April,2023-04
Workit Health,100,2023-04-07,,Healthcare,Series C,138.0,United States,2023,4,April,2023-04
ZestMoney,100,2023-04-07,0.2,Finance,Series C,120.0,India,2023,4,April,2023-04
Absolute Software,40,2023-04-06,0.05,Security,Post-IPO,0.0,Canada,2023,4,April,2023-04
Avocargo,16,2023-04-06,1.0,Transportation,Seed,0.0,Germany,2023,4,April,2023-04
Dunzo,300,2023-04-05,0.3,Food,Unknown,382.0,India,2023,4,April,2023-04
Amplitude,99,2023-04-05,0.13,Data,Post-IPO,311.0,United States,2023,4,April,2023-04
Talent.com,86,2023-04-05,0.18,Recruiting,Series B,150.0,Canada,2023,4,April,2023-04
1K Kirana,600,2023-04-04,0.4,Retail,Series B,0.0,India,2023,4,April,2023-04
Foundation Medicine,135,2023-04-04,,Healthcare,Acquired,96.0,United States,2023,4,April,2023-04
Finder,40,2023-04-04,,Retail,Unknown,30.0,Australia,2023,4,April,2023-04
Boost,15,2023-04-04,0.2,Finance,Series B,37.0,United States,2023,4,April,2023-04
Hyland Software,1000,2023-04-03,0.2,Other,Acquired,0.0,United States,2023,4,April,2023-04
View,170,2023-04-03,0.23,Other,Post-IPO,2300.0,United States,2023,4,April,2023-04
Guideline,48,2023-04-03,0.11,Finance,Series E,339.0,United States,2023,4,April,2023-04
Textio,15,2023-04-03,0.12,Recruiting,Unknown,42.0,United States,2023,4,April,2023-04
Domestika,89,2023-03-31,0.45,Education,Series D,130.0,Spain,2023,3,March,2023-03
Hulu,200,2023-03-30,,Media,Acquired,683.0,China,2023,3,March,2023-03
Roku,200,2023-03-30,0.06,Media,Post-IPO,208.0,United States,2023,3,March,2023-03
LendingTree,150,2023-03-30,0.13,Finance,Post-IPO,0.0,United States,2023,3,March,2023-03
FanClash,100,2023-03-30,0.75,Consumer,Series B,50.0,India,2023,3,March,2023-03
Loop,19,2023-03-30,0.25,Finance,Series A,24.0,United States,2023,3,March,2023-03
Crossbeam,17,2023-03-30,0.15,Sales,Series C,116.0,United States,2023,3,March,2023-03
Spotify,15,2023-03-30,,Media,Post-IPO,2100.0,Sweden,2023,3,March,2023-03
AnswerLab,0,2023-03-30,0.17,Marketing,Unknown,0.0,United States,2023,3,March,2023-03
GoodWorker,0,2023-03-30,0.9,Recruiting,Acquired,0.0,Singapore,2023,3,March,2023-03
Nowports,0,2023-03-30,0.15,Logistics,Series C,0.0,Mexico,2023,3,March,2023-03
Unacademy,0,2023-03-30,0.12,Education,Series H,838.0,India,2023,3,March,2023-03
CoverMyMeds,800,2023-03-29,,Healthcare,Acquired,5.0,United States,2023,3,March,2023-03
Electronic Arts,780,2023-03-29,0.06,Consumer,Post-IPO,2.0,United States,2023,3,March,2023-03
Seagate,480,2023-03-29,,Hardware,Post-IPO,0.0,United States,2023,3,March,2023-03
Drizly,100,2023-03-29,,Retail,Acquired,119.0,United States,2023,3,March,2023-03
iCAD,23,2023-03-29,0.28,Healthcare,Post-IPO,59.0,United States,2023,3,March,2023-03
Anyline,0,2023-03-29,0.25,Other,Series B,37.0,Austria,2023,3,March,2023-03
Shift,0,2023-03-29,0.3,Transportation,Post-IPO,504.0,United States,2023,3,March,2023-03
Lucid Motors,1300,2023-03-28,0.18,Transportation,Post-IPO,8300.0,United States,2023,3,March,2023-03
Blue Nile,119,2023-03-28,,Retail,Acquired,62.0,United States,2023,3,March,2023-03
AEye,46,2023-03-28,0.33,Transportation,Post-IPO,314.0,United States,2023,3,March,2023-03
Rackspace,275,2023-03-27,,Data,Acquired,17.0,United States,2023,3,March,2023-03
Better Therapeutics,0,2023-03-27,0.35,Healthcare,Post-IPO,143.0,United States,2023,3,March,2023-03
Aspiration,170,2023-03-24,,Finance,Unknown,250.0,United States,2023,3,March,2023-03
Cimpress,500,2023-03-23,,Retail,Post-IPO,300.0,France,2023,3,March,2023-03
Veeam,200,2023-03-23,,Data,Acquired,500.0,United States,2023,3,March,2023-03
Glovo,140,2023-03-23,,Food,Acquired,1200.0,Spain,2023,3,March,2023-03
TakeOff,50,2023-03-23,,Retail,Unknown,146.0,Ukraine,2023,3,March,2023-03
Slite,10,2023-03-23,0.25,Other,Series A,15.0,France,2023,3,March,2023-03
Indeed,2200,2023-03-22,0.15,Hr,Acquired,5.0,United States,2023,3,March,2023-03
Logitech,300,2023-03-22,,Hardware,Post-IPO,0.0,Switzerland,2023,3,March,2023-03
Glassdoor,140,2023-03-22,0.15,Hr,Acquired,204.0,United States,2023,3,March,2023-03
Wejo,40,2023-03-22,0.16,Transportation,Post-IPO,376.0,United Kingdom,2023,3,March,2023-03
Copper,0,2023-03-22,0.15,Crypto,Series C,281.0,United Kingdom,2023,3,March,2023-03
Roofstock,0,2023-03-22,0.27,Real Estate,Series E,365.0,United States,2023,3,March,2023-03
Just Eat,1700,2023-03-21,,Food,Acquired,0.0,United Kingdom,2023,3,March,2023-03
Marvell,320,2023-03-21,0.04,Hardware,Post-IPO,0.0,United States,2023,3,March,2023-03
Workhuman,130,2023-03-21,0.1,Hr,Unknown,131.0,Ireland,2023,3,March,2023-03
FreshBooks,80,2023-03-21,0.1,Finance,Unknown,331.0,Canada,2023,3,March,2023-03
Xing,68,2023-03-21,,Hr,Series A,0.0,Germany,2023,3,March,2023-03
Mr Yum,40,2023-03-21,,Food,Series A,101.0,Australia,2023,3,March,2023-03
Smallcase,15,2023-03-21,0.04,Finance,Series C,62.0,India,2023,3,March,2023-03
Laybuy,0,2023-03-21,0.1,Finance,Post-IPO,130.0,New Zealand,2023,3,March,2023-03
Amazon,9000,2023-03-20,,Retail,Post-IPO,108.0,United States,2023,3,March,2023-03
Huuuge Games,0,2023-03-20,0.1,Consumer,Series C,57.0,Poland,2023,3,March,2023-03
Livspace,100,2023-03-17,0.02,Retail,Series F,431.0,India,2023,3,March,2023-03
Symend,50,2023-03-17,0.25,Other,Series C,148.0,Canada,2023,3,March,2023-03
Freshworks,114,2023-03-16,0.02,Support,Post-IPO,484.0,United States,2023,3,March,2023-03
Coherent,108,2023-03-16,,Manufacturing,Post-IPO,0.0,United States,2023,3,March,2023-03
Runtastic,70,2023-03-16,0.28,Fitness,Acquired,0.0,Austria,2023,3,March,2023-03
Course Hero,42,2023-03-16,0.15,Education,Series C,477.0,United States,2023,3,March,2023-03
Leafly,40,2023-03-16,0.21,Retail,Post-IPO,71.0,United States,2023,3,March,2023-03
Klaviyo,140,2023-03-15,,Marketing,Unknown,778.0,United States,2023,3,March,2023-03
Dukaan,56,2023-03-15,0.3,Retail,Series A,17.0,India,2023,3,March,2023-03
Boxed,32,2023-03-15,0.25,Retail,Post-IPO,365.0,United States,2023,3,March,2023-03
Nubank,30,2023-03-15,,Finance,Post-IPO,4100.0,Brazil,2023,3,March,2023-03
TradeWindow,25,2023-03-15,0.3,Finance,Series B,24.0,New Zealand,2023,3,March,2023-03
Meta,10000,2023-03-14,,Consumer,Post-IPO,26000.0,United States,2023,3,March,2023-03
Fetch,100,2023-03-14,0.1,Retail,Series E,581.0,United States,2023,3,March,2023-03
Anchorage Digital,75,2023-03-14,0.2,Crypto,Series D,487.0,United States,2023,3,March,2023-03
Avidbots,50,2023-03-14,0.14,Hardware,Series C,106.0,Canada,2023,3,March,2023-03
Samsung,30,2023-03-14,,Hardware,Post-IPO,0.0,United States,2023,3,March,2023-03
Kaleidoscope,15,2023-03-14,0.3,Finance,Series A,16.0,United States,2023,3,March,2023-03
GoTo Group,600,2023-03-10,,Transportation,Post-IPO,1300.0,Indonesia,2023,3,March,2023-03
Cookpad,80,2023-03-10,,Consumer,Unknown,0.0,Japan,2023,3,March,2023-03
Xero,800,2023-03-09,0.15,Finance,Post-IPO,681.0,New Zealand,2023,3,March,2023-03
Shopee,200,2023-03-09,,Food,Unknown,0.0,Indonesia,2023,3,March,2023-03
Gopuff,100,2023-03-09,0.02,Food,Series H,3400.0,United States,2023,3,March,2023-03
Wave Financial,50,2023-03-09,,Finance,Acquired,79.0,Canada,2023,3,March,2023-03
Morning Brew,40,2023-03-09,,Media,Acquired,0.0,United States,2023,3,March,2023-03
Neoleukin Therapeutics,0,2023-03-09,0.7,Healthcare,Post-IPO,157.0,United States,2023,3,March,2023-03
Toucan,0,2023-03-09,1.0,Education,Series A,0.0,United States,2023,3,March,2023-03
Wattpad,42,2023-03-08,0.15,Media,Acquired,117.0,Canada,2023,3,March,2023-03
Appcues,0,2023-03-08,0.15,Data,Series B,52.0,United States,2023,3,March,2023-03
Pristyn Care,300,2023-03-07,0.15,Healthcare,Series E,177.0,India,2023,3,March,2023-03
Zwift,80,2023-03-07,0.15,Fitness,Series C,619.0,United States,2023,3,March,2023-03
Catch,0,2023-03-07,1.0,Finance,Series A,18.0,United States,2023,3,March,2023-03
RDX Works,0,2023-03-07,0.25,Crypto,Unknown,6.0,United Kingdom,2023,3,March,2023-03
Atlassian,500,2023-03-06,0.05,Other,Post-IPO,210.0,Australia,2023,3,March,2023-03
SiriusXM,475,2023-03-06,0.08,Media,Post-IPO,525.0,United States,2023,3,March,2023-03
Alerzo,400,2023-03-06,,Retail,Series B,16.0,Nigeria,2023,3,March,2023-03
UKG,265,2023-03-06,,Hr,Unknown,0.0,United States,2023,3,March,2023-03
UpGrad,120,2023-03-06,,Education,Unknown,631.0,India,2023,3,March,2023-03
HomeLane,30,2023-03-06,,Retail,Series E,116.0,India,2023,3,March,2023-03
No Fluff Jobs,13,2023-03-04,,Hr,Acquired,0.0,Poland,2023,3,March,2023-03
Loft,340,2023-03-03,0.15,Real Estate,Unknown,788.0,Brazil,2023,3,March,2023-03
Embark Trucks,230,2023-03-03,0.7,Transportation,Post-IPO,317.0,United States,2023,3,March,2023-03
Lendi,100,2023-03-03,,Real Estate,Unknown,59.0,Australia,2023,3,March,2023-03
UserTesting,63,2023-03-03,,Marketing,Acquired,152.0,United States,2023,3,March,2023-03
Airbnb,30,2023-03-03,,Travel,Post-IPO,6400.0,United States,2023,3,March,2023-03
Zscaler,177,2023-03-02,0.03,Security,Post-IPO,148.0,United States,2023,3,March,2023-03
MasterClass,79,2023-03-02,,Education,Series E,461.0,United States,2023,3,March,2023-03
Ambev Tech,50,2023-03-02,,Food,Acquired,0.0,Brazil,2023,3,March,2023-03
Fittr,30,2023-03-02,0.11,Fitness,Series A,13.0,India,2023,3,March,2023-03
CNET,12,2023-03-02,0.1,Media,Acquired,20.0,United States,2023,3,March,2023-03
Comparis,0,2023-03-02,0.1,Finance,Unknown,0.0,Switzerland,2023,3,March,2023-03
Kandela,0,2023-03-02,1.0,Consumer,Acquired,0.0,United States,2023,3,March,2023-03
Thoughtworks,500,2023-03-01,0.04,Other,Post-IPO,748.0,United States,2023,3,March,2023-03
iFood,355,2023-03-01,0.06,Food,Subsidiary,2100.0,Brazil,2023,3,March,2023-03
Color Health,300,2023-03-01,,Healthcare,Series E,482.0,United States,2023,3,March,2023-03
Waymo,209,2023-03-01,0.08,Transportation,Subsidiary,5500.0,United States,2023,3,March,2023-03
PayFit,200,2023-03-01,0.2,Hr,Series E,495.0,France,2023,3,March,2023-03
Yellow.ai,200,2023-03-01,,Support,Series C,102.0,United States,2023,3,March,2023-03
Sonder,100,2023-03-01,0.14,Travel,Post-IPO,839.0,United States,2023,3,March,2023-03
Protego Trust Bank,0,2023-03-01,0.5,Crypto,Series A,70.0,United States,2023,3,March,2023-03
Electronic Arts,200,2023-02-28,,Consumer,Post-IPO,2.0,United States,2023,2,February,2023-02
Eventbrite,80,2023-02-28,0.08,Consumer,Post-IPO,557.0,United States,2023,2,February,2023-02
Ezoic,10,2023-02-28,,Infrastructure,Series A,39.0,United States,2023,2,February,2023-02
DUX Education,0,2023-02-28,1.0,Education,Unknown,0.0,India,2023,2,February,2023-02
MeridianLink,0,2023-02-28,0.09,Finance,Post-IPO,485.0,United States,2023,2,February,2023-02
Sono Motors,300,2023-02-27,,Transportation,Post-IPO,126.0,Germany,2023,2,February,2023-02
Cerebral,285,2023-02-27,0.15,Healthcare,Series C,462.0,United States,2023,2,February,2023-02
Amount,130,2023-02-27,0.25,Finance,Unknown,283.0,United States,2023,2,February,2023-02
Palantir,75,2023-02-27,0.02,Data,Post-IPO,3000.0,United States,2023,2,February,2023-02
Outreach,70,2023-02-27,0.07,Sales,Series G,489.0,United States,2023,2,February,2023-02
Stytch,19,2023-02-27,0.25,Security,Series B,126.0,United States,2023,2,February,2023-02
BitSight,40,2023-02-26,,Security,Unknown,401.0,Israel,2023,2,February,2023-02
Twitter,200,2023-02-25,0.1,Consumer,Post-IPO,12900.0,United States,2023,2,February,2023-02
Ericsson,8500,2023-02-24,0.08,Other,Post-IPO,663.0,Sweden,2023,2,February,2023-02
SAP Labs,300,2023-02-24,,Other,Subsidiary,1300.0,India,2023,2,February,2023-02
Velodyne Lidar,220,2023-02-24,,Transportation,Acquired,575.0,United States,2023,2,February,2023-02
Medallia,59,2023-02-24,,Support,Acquired,325.0,United States,2023,2,February,2023-02
Eat Just,40,2023-02-24,,Food,Unknown,465.0,United States,2023,2,February,2023-02
Lucira Health,26,2023-02-24,,Healthcare,Post-IPO,132.0,United States,2023,2,February,2023-02
Stax,24,2023-02-24,,Finance,Series D,263.0,United States,2023,2,February,2023-02
EQRx,0,2023-02-24,0.18,Healthcare,Post-IPO,1900.0,United States,2023,2,February,2023-02
Poshmark,0,2023-02-24,0.02,Retail,Acquired,153.0,United States,2023,2,February,2023-02
Merative,200,2023-02-23,0.1,Healthcare,Acquired,0.0,United States,2023,2,February,2023-02
OneFootball,150,2023-02-23,0.32,Marketing,Series D,442.0,Germany,2023,2,February,2023-02
The Iconic,69,2023-02-23,0.06,Retail,Unknown,0.0,Australia,2023,2,February,2023-02
EVgo,40,2023-02-23,,Transportation,Post-IPO,400.0,United States,2023,2,February,2023-02
StrongDM,40,2023-02-23,,Infrastructure,Series B,76.0,United States,2023,2,February,2023-02
Dapper Labs,0,2023-02-23,0.2,Crypto,Series D,607.0,Canada,2023,2,February,2023-02
Messari,0,2023-02-23,0.15,Crypto,Series B,61.0,United States,2023,2,February,2023-02
Vibrent Health,0,2023-02-23,0.13,Healthcare,Unknown,0.0,United States,2023,2,February,2023-02
Synamedia,200,2023-02-22,0.12,Media,Unknown,0.0,United Kingdom,2023,2,February,2023-02
TaskUs,186,2023-02-22,,Support,Post-IPO,279.0,United States,2023,2,February,2023-02
Immutable,0,2023-02-22,0.11,Crypto,Series C,279.0,Australia,2023,2,February,2023-02
Jounce Therapeutics,0,2023-02-22,0.57,Healthcare,Acquired,194.0,United States,2023,2,February,2023-02
Locomation,0,2023-02-22,1.0,Transportation,Seed,57.0,United States,2023,2,February,2023-02
Green Labs,350,2023-02-21,0.7,Food,Series C,214.0,South Korea,2023,2,February,2023-02
Polygon,100,2023-02-21,0.2,Crypto,Unknown,451.0,India,2023,2,February,2023-02
Crunchyroll,85,2023-02-21,,Media,Unknown,26.0,Japan,2023,2,February,2023-02
Ethos Life,50,2023-02-21,,Finance,Series D,406.0,United States,2023,2,February,2023-02
Basis Technologies,40,2023-02-21,0.04,Marketing,Series B,52.0,United States,2023,2,February,2023-02
Bolt,17,2023-02-21,,Transportation,Series F,0.0,Nigeria,2023,2,February,2023-02
MyGate,200,2023-02-20,0.3,Other,Series B,79.0,India,2023,2,February,2023-02
Fireblocks,30,2023-02-20,0.05,Crypto,Series E,1000.0,United States,2023,2,February,2023-02
Kinde,8,2023-02-20,0.28,Other,Seed,10.0,Australia,2023,2,February,2023-02
Fipola,0,2023-02-20,1.0,Food,Series A,9.0,India,2023,2,February,2023-02
HP,100,2023-02-19,,Hardware,Post-IPO,4200.0,Israel,2023,2,February,2023-02
Micron,2400,2023-02-17,0.05,Hardware,Post-IPO,50.0,United States,2023,2,February,2023-02
Tencent,300,2023-02-17,,Consumer,Post-IPO,12600.0,China,2023,2,February,2023-02
Evernote,129,2023-02-17,,Consumer,Acquired,290.0,United States,2023,2,February,2023-02
Chipper Cash,100,2023-02-17,0.33,Finance,Series C,302.0,United States,2023,2,February,2023-02
DocuSign,680,2023-02-16,0.1,Sales,Post-IPO,536.0,United States,2023,2,February,2023-02
Pico Interactive,400,2023-02-16,0.2,Other,Acquired,62.0,United States,2023,2,February,2023-02
The RealReal,230,2023-02-16,0.07,Retail,Post-IPO,356.0,United States,2023,2,February,2023-02
Smartsheet,85,2023-02-16,0.03,Other,Post-IPO,152.0,United States,2023,2,February,2023-02
Wix,370,2023-02-15,0.06,Marketing,Post-IPO,58.0,Israel,2023,2,February,2023-02
ServiceTitan,221,2023-02-15,0.08,Sales,Series G,1100.0,United States,2023,2,February,2023-02
Neon,210,2023-02-15,0.09,Finance,Series D,720.0,Brazil,2023,2,February,2023-02
Jellysmack,208,2023-02-15,,Media,Series C,22.0,France,2023,2,February,2023-02
DigitalOcean,200,2023-02-15,0.11,Infrastructure,Post-IPO,491.0,United States,2023,2,February,2023-02
Sprinklr,100,2023-02-15,0.04,Support,Post-IPO,429.0,United States,2023,2,February,2023-02
Betterment,28,2023-02-15,,Finance,Series F,435.0,United States,2023,2,February,2023-02
Milkrun,0,2023-02-15,0.2,Food,Series A,86.0,Australia,2023,2,February,2023-02
SurveyMonkey,0,2023-02-15,0.14,Marketing,Post-IPO,1100.0,United States,2023,2,February,2023-02
Tackle,0,2023-02-15,0.15,Other,Series C,148.0,United States,2023,2,February,2023-02
Vicarious Surgical,0,2023-02-15,0.14,Healthcare,Post-IPO,185.0,United States,2023,2,February,2023-02
Blackbaud,500,2023-02-14,0.14,Other,Post-IPO,0.0,United States,2023,2,February,2023-02
CommerceHub,371,2023-02-14,0.31,Retail,Acquired,0.0,United States,2023,2,February,2023-02
Dropp,60,2023-02-14,1.0,Retail,Unknown,2.0,Germany,2023,2,February,2023-02
HackerEarth,0,2023-02-14,0.08,Hr,Series B,11.0,United States,2023,2,February,2023-02
PhableCare,0,2023-02-14,0.7000000000000001,Healthcare,Series B,40.0,India,2023,2,February,2023-02
Udemy,0,2023-02-14,0.1,Education,Post-IPO,311.0,United States,2023,2,February,2023-02
Twilio,1500,2023-02-13,0.17,Other,Post-IPO,614.0,United States,2023,2,February,2023-02
Electric,141,2023-02-13,0.25,Other,Series D,212.0,United States,2023,2,February,2023-02
EMX Digital,100,2023-02-13,1.0,Marketing,Unknown,0.0,United States,2023,2,February,2023-02
PetLove,94,2023-02-13,,Retail,Series C,225.0,Brazil,2023,2,February,2023-02
iRobot,85,2023-02-13,0.07,Consumer,Acquired,30.0,United States,2023,2,February,2023-02
Collective Health,54,2023-02-13,,Healthcare,Series F,719.0,United States,2023,2,February,2023-02
Magic Eden,22,2023-02-13,,Crypto,Series B,170.0,United States,2023,2,February,2023-02
Casavo,0,2023-02-13,0.3,Real Estate,Unknown,708.0,Italy,2023,2,February,2023-02
Moladin,360,2023-02-12,0.11,Transportation,Series B,138.0,Indonesia,2023,2,February,2023-02
TripleLift,100,2023-02-10,0.2,Marketing,Acquired,16.0,United States,2023,2,February,2023-02
Titan Medical,48,2023-02-10,0.72,Healthcare,Post-IPO,278.0,Canada,2023,2,February,2023-02
TikTok India,40,2023-02-10,,Consumer,Acquired,9400.0,India,2023,2,February,2023-02
Syft Technologies,30,2023-02-10,0.2,Manufacturing,Private Equity,0.0,New Zealand,2023,2,February,2023-02
Rigetti Computing,0,2023-02-10,0.28,Hardware,Post-IPO,298.0,United States,2023,2,February,2023-02
Yahoo,1600,2023-02-09,0.2,Consumer,Acquired,6.0,United States,2023,2,February,2023-02
Misfits Market,649,2023-02-09,0.33,Food,Series C,526.0,United States,2023,2,February,2023-02
Deliveroo,350,2023-02-09,0.09,Food,Post-IPO,1700.0,United Kingdom,2023,2,February,2023-02
Olive AI,215,2023-02-09,0.35,Healthcare,Series H,856.0,United States,2023,2,February,2023-02
Oportun,155,2023-02-09,0.1,Finance,Post-IPO,566.0,United States,2023,2,February,2023-02
GitLab,130,2023-02-09,0.07,Product,Post-IPO,413.0,United States,2023,2,February,2023-02
Bark,126,2023-02-09,0.12,Retail,Post-IPO,0.0,United States,2023,2,February,2023-02
REE Automotive,100,2023-02-09,0.5,Transportation,Post-IPO,317.0,Israel,2023,2,February,2023-02
Veriff,66,2023-02-09,0.12,Security,Series C,192.0,Estonia,2023,2,February,2023-02
REE Automotive,31,2023-02-09,0.11,Transportation,Post-IPO,317.0,Israel,2023,2,February,2023-02
GitHub,0,2023-02-09,0.1,Product,Acquired,350.0,United States,2023,2,February,2023-02
WeTrade,0,2023-02-09,1.0,Crypto,Unknown,0.0,India,2023,2,February,2023-02
GoDaddy,530,2023-02-08,0.08,Marketing,Post-IPO,800.0,United States,2023,2,February,2023-02
Affirm,500,2023-02-08,0.19,Finance,Post-IPO,1500.0,United States,2023,2,February,2023-02
Gusto,126,2023-02-08,0.05,Hr,Series E,746.0,United States,2023,2,February,2023-02
Gong,80,2023-02-08,0.07,Sales,Series E,583.0,United States,2023,2,February,2023-02
Beam Benefits,31,2023-02-08,0.08,Healthcare,Series E,168.0,United States,2023,2,February,2023-02
Equitybee,24,2023-02-08,0.25,Finance,Series B,85.0,United States,2023,2,February,2023-02
Baraja,0,2023-02-08,0.75,Transportation,Unknown,63.0,Australia,2023,2,February,2023-02
Koho,0,2023-02-08,0.14,Finance,Series D,278.0,Canada,2023,2,February,2023-02
Medly,0,2023-02-08,1.0,Healthcare,Series C,100.0,United States,2023,2,February,2023-02
Nearmap,0,2023-02-08,0.2,Construction,Acquired,15.0,Australia,2023,2,February,2023-02
Zoom,1300,2023-02-07,0.15,Other,Post-IPO,276.0,United States,2023,2,February,2023-02
eBay,500,2023-02-07,0.04,Retail,Post-IPO,1200.0,United States,2023,2,February,2023-02
SecureWorks,212,2023-02-07,0.09,Security,Post-IPO,83.0,United States,2023,2,February,2023-02
Salesloft,100,2023-02-07,0.1,Sales,Acquired,245.0,United States,2023,2,February,2023-02
Openpay,83,2023-02-07,1.0,Finance,Post-IPO,299.0,Australia,2023,2,February,2023-02
LearnUpon,27,2023-02-07,0.09,Education,Private Equity,56.0,Ireland,2023,2,February,2023-02
Sana Benefits,0,2023-02-07,0.19,Hr,Series B,106.0,United States,2023,2,February,2023-02
Dell,6650,2023-02-06,0.05,Hardware,Post-IPO,0.0,United States,2023,2,February,2023-02
Loggi,300,2023-02-06,0.07,Logistics,Series F,507.0,Brazil,2023,2,February,2023-02
Catch.com.au,100,2023-02-06,,Retail,Acquired,80.0,Australia,2023,2,February,2023-02
VinFast US,80,2023-02-06,,Transportation,Subsidiary,0.0,United States,2023,2,February,2023-02
Drift,59,2023-02-06,,Marketing,Acquired,107.0,United States,2023,2,February,2023-02
Pocket Aces,50,2023-02-06,0.25,Media,Unknown,19.0,India,2023,2,February,2023-02
Clari,20,2023-02-06,,Sales,Series F,496.0,United States,2023,2,February,2023-02
Daraz,0,2023-02-06,0.11,Retail,Unknown,0.0,Singapore,2023,2,February,2023-02
Kyruus,70,2023-02-05,,Healthcare,Unknown,183.0,United States,2023,2,February,2023-02
Lightico,20,2023-02-05,0.25,Finance,Series B,42.0,Israel,2023,2,February,2023-02
Eightfold AI,90,2023-02-03,0.15,Hr,Series E,396.0,United States,2023,2,February,2023-02
FarEye,90,2023-02-03,,Logistics,Series E,150.0,India,2023,2,February,2023-02
Protocol Labs,89,2023-02-03,0.2,Crypto,Unknown,10.0,United States,2023,2,February,2023-02
Built Technologies copy,0,2023-02-03,0.08,Construction,Unknown,313.0,United States,2023,2,February,2023-02
Finder,0,2023-02-03,0.15,Retail,Unknown,30.0,Australia,2023,2,February,2023-02
Byju's,1500,2023-02-02,,Education,Private Equity,5500.0,India,2023,2,February,2023-02
Okta,300,2023-02-02,0.05,Security,Post-IPO,1200.0,United States,2023,2,February,2023-02
Autodesk,250,2023-02-02,0.02,Other,Post-IPO,0.0,United States,2023,2,February,2023-02
Mindstrong,127,2023-02-02,,Healthcare,Series C,160.0,United States,2023,2,February,2023-02
NCC Group,125,2023-02-02,0.07,Security,Post-IPO,0.0,United Kingdom,2023,2,February,2023-02
Miro,119,2023-02-02,0.07,Other,Series C,476.0,United States,2023,2,February,2023-02
Getir,100,2023-02-02,,Food,Series E,1800.0,United States,2023,2,February,2023-02
Highspot,100,2023-02-02,0.1,Sales,Series F,644.0,United States,2023,2,February,2023-02
Bittrex,80,2023-02-02,,Crypto,Unknown,0.0,United States,2023,2,February,2023-02
Snowplow,40,2023-02-02,,Data,Series B,55.0,United Kingdom,2023,2,February,2023-02
Articulate,38,2023-02-02,,Education,Series A,1500.0,United States,2023,2,February,2023-02
Getaround,0,2023-02-02,0.1,Transportation,Post-IPO,948.0,United States,2023,2,February,2023-02
NCSoft,0,2023-02-02,0.2,Consumer,Post-IPO,240.0,South Korea,2023,2,February,2023-02
Splunk,325,2023-02-01,0.04,Data,Post-IPO,2400.0,United States,2023,2,February,2023-02
Pinterest,150,2023-02-01,,Consumer,Post-IPO,1500.0,United States,2023,2,February,2023-02
DraftKings,140,2023-02-01,0.04,Consumer,Post-IPO,719.0,United States,2023,2,February,2023-02
Cyren,121,2023-02-01,,Security,Post-IPO,161.0,United States,2023,2,February,2023-02
Workato,90,2023-02-01,0.1,Other,Series E,415.0,United States,2023,2,February,2023-02
VerticalScope,60,2023-02-01,0.22,Media,Post-IPO,0.0,Canada,2023,2,February,2023-02
Wheel,56,2023-02-01,0.28,Healthcare,Series C,215.0,United States,2023,2,February,2023-02
Chainalysis,44,2023-02-01,0.05,Crypto,Series F,536.0,United States,2023,2,February,2023-02
Appgate,34,2023-02-01,0.08,Security,Post-IPO,0.0,United States,2023,2,February,2023-02
Exterro,24,2023-02-01,0.03,Legal,Private Equity,100.0,United States,2023,2,February,2023-02
TheSkimm,17,2023-02-01,0.1,Media,Series C,28.0,United States,2023,2,February,2023-02
Bustle Digital Group,0,2023-02-01,0.08,Media,Series E,80.0,United States,2023,2,February,2023-02
Frequency Therapeutics,0,2023-02-01,0.5,Healthcare,Post-IPO,76.0,United States,2023,2,February,2023-02
MariaDB,0,2023-02-01,0.08,Data,Post-IPO,245.0,Finland,2023,2,February,2023-02
Match Group,0,2023-02-01,0.08,Consumer,Post-IPO,0.0,United States,2023,2,February,2023-02
Rivian,0,2023-02-01,0.06,Transportation,Post-IPO,10700.0,United States,2023,2,February,2023-02
PayPal,2000,2023-01-31,0.07,Finance,Post-IPO,216.0,United States,2023,1,January,2023-01
NetApp,960,2023-01-31,0.08,Data,Post-IPO,0.0,United States,2023,1,January,2023-01
Workday,525,2023-01-31,0.03,Hr,Post-IPO,230.0,United States,2023,1,January,2023-01
HubSpot,500,2023-01-31,0.07,Marketing,Post-IPO,100.0,United States,2023,1,January,2023-01
Upstart,365,2023-01-31,0.2,Finance,Post-IPO,144.0,United States,2023,1,January,2023-01
Software AG,200,2023-01-31,0.04,Data,Post-IPO,344.0,Germany,2023,1,January,2023-01
Wish,150,2023-01-31,0.17,Retail,Post-IPO,1600.0,United States,2023,1,January,2023-01
Wefox,100,2023-01-31,,Finance,Series D,1300.0,Germany,2023,1,January,2023-01
Tilting Point,60,2023-01-31,0.14,Consumer,Unknown,235.0,United States,2023,1,January,2023-01
Gokada,54,2023-01-31,,Transportation,Unknown,12.0,Nigeria,2023,1,January,2023-01
Nubank,40,2023-01-31,,Finance,Post-IPO,4100.0,Brazil,2023,1,January,2023-01
AU10TIX,19,2023-01-31,0.09,Security,Unknown,80.0,Israel,2023,1,January,2023-01
National Instruments,0,2023-01-31,0.04,Hardware,Post-IPO,0.0,United States,2023,1,January,2023-01
OpenText,0,2023-01-31,0.08,Data,Post-IPO,1100.0,Canada,2023,1,January,2023-01
Philips,6000,2023-01-30,0.13,Healthcare,Post-IPO,0.0,Netherlands,2023,1,January,2023-01
OLX Group,1500,2023-01-30,0.15,Marketing,Acquired,0.0,Netherlands,2023,1,January,2023-01
Arrival,800,2023-01-30,0.5,Transportation,Post-IPO,629.0,United Kingdom,2023,1,January,2023-01
Groupon,500,2023-01-30,,Retail,Post-IPO,1400.0,United States,2023,1,January,2023-01
Intel,343,2023-01-30,,Hardware,Post-IPO,12.0,United States,2023,1,January,2023-01
Glovo,250,2023-01-30,0.06,Food,Acquired,1200.0,Spain,2023,1,January,2023-01
Delivery Hero,156,2023-01-30,0.04,Food,Post-IPO,9900.0,Germany,2023,1,January,2023-01
Impossible Foods copy,140,2023-01-30,0.2,Food,Series H,1900.0,United States,2023,1,January,2023-01
Chrono24,65,2023-01-30,0.13,Retail,Series C,205.0,Germany,2023,1,January,2023-01
BM Technologies,0,2023-01-30,0.25,Finance,Post-IPO,0.0,United States,2023,1,January,2023-01
Prime Trust,0,2023-01-30,0.33,Crypto,Series B,176.0,United States,2023,1,January,2023-01
Quantum SI,0,2023-01-30,0.12,Healthcare,Post-IPO,425.0,United States,2023,1,January,2023-01
Me Poupe,60,2023-01-28,0.5,Finance,Unknown,0.0,Brazil,2023,1,January,2023-01
CoinTracker,19,2023-01-28,,Crypto,Series A,101.0,United States,2023,1,January,2023-01
SSense,138,2023-01-27,0.07,Retail,Series A,0.0,Canada,2023,1,January,2023-01
DealShare,100,2023-01-27,0.06,Retail,Series E,390.0,India,2023,1,January,2023-01
Ruggable,100,2023-01-27,,Retail,Seed,0.0,United States,2023,1,January,2023-01
Synopsys,100,2023-01-27,,Other,Post-IPO,0.0,United States,2023,1,January,2023-01
Heycar,73,2023-01-27,,Transportation,Unknown,0.0,Germany,2023,1,January,2023-01
Matrixport,29,2023-01-27,0.1,Crypto,Series C,100.0,Singapore,2023,1,January,2023-01
Shakepay,21,2023-01-27,0.25,Crypto,Series A,45.0,Canada,2023,1,January,2023-01
#Paid,19,2023-01-27,0.17,Marketing,Series B,21.0,Canada,2023,1,January,2023-01
Soundwide,0,2023-01-27,0.08,Other,,0.0,Germany,2023,1,January,2023-01
SAP,3000,2023-01-26,0.03,Other,Post-IPO,1300.0,Germany,2023,1,January,2023-01
Confluent,221,2023-01-26,0.08,Data,Post-IPO,455.0,United States,2023,1,January,2023-01
Glisser,25,2023-01-26,1.0,Travel,Unknown,1.0,United Kingdom,2023,1,January,2023-01
DriveWealth,0,2023-01-26,0.2,Finance,Series D,550.0,United States,2023,1,January,2023-01
Mode Global,0,2023-01-26,1.0,Finance,Post-IPO,0.0,United Kingdom,2023,1,January,2023-01
Plus One Robotics,0,2023-01-26,0.1,Other,Series B,43.0,United States,2023,1,January,2023-01
IBM,3900,2023-01-25,0.02,Hardware,Post-IPO,0.0,United States,2023,1,January,2023-01
Lam Research,1300,2023-01-25,0.07,Hardware,Post-IPO,0.0,United States,2023,1,January,2023-01
Shutterfly,360,2023-01-25,,Retail,Acquired,50.0,United States,2023,1,January,2023-01
Luno,330,2023-01-25,0.35,Crypto,Acquired,13.0,United Kingdom,2023,1,January,2023-01
Clear Capital,250,2023-01-25,0.25,Real Estate,Unknown,0.0,United States,2023,1,January,2023-01
Guardant Health,130,2023-01-25,0.07,Healthcare,Post-IPO,550.0,United States,2023,1,January,2023-01
SirionLabs,130,2023-01-25,0.15,Legal,Series D,171.0,United States,2023,1,January,2023-01
Tier Mobility,80,2023-01-25,0.07,Transportation,Series D,646.0,Germany,2023,1,January,2023-01
PagSeguro,0,2023-01-25,0.07,Finance,Post-IPO,0.0,Brazil,2023,1,January,2023-01
Prosus,0,2023-01-25,0.3,Other,Unknown,0.0,Netherlands,2023,1,January,2023-01
Vacasa,1300,2023-01-24,0.17,Travel,Post-IPO,834.0,United States,2023,1,January,2023-01
Innovaccer,245,2023-01-24,0.15,Healthcare,Series E,379.0,United States,2023,1,January,2023-01
Bolt,50,2023-01-24,0.1,Finance,Series E,1300.0,United States,2023,1,January,2023-01
PartnerStack,40,2023-01-24,0.2,Sales,Series B,36.0,Canada,2023,1,January,2023-01
Gitpod,21,2023-01-24,0.28,Product,Series A,41.0,Germany,2023,1,January,2023-01
OFFOR Health,16,2023-01-24,,Healthcare,Series A,14.0,United States,2023,1,January,2023-01
Venngage,11,2023-01-24,0.2,Marketing,Unknown,0.0,Canada,2023,1,January,2023-01
CoachHub,0,2023-01-24,0.1,Hr,Series C,332.0,Germany,2023,1,January,2023-01
Corvus Insurance,0,2023-01-24,0.14,Finance,Series C,160.0,United States,2023,1,January,2023-01
PagerDuty,0,2023-01-24,0.07,Product,Post-IPO,173.0,United States,2023,1,January,2023-01
Scoro,0,2023-01-24,0.09,Hr,Series B,23.0,United Kingdom,2023,1,January,2023-01
Spotify,600,2023-01-23,0.06,Media,Post-IPO,2100.0,Sweden,2023,1,January,2023-01
Uber Freight,150,2023-01-23,0.03,Logistics,Subsidiary,2700.0,United States,2023,1,January,2023-01
Inmobi,50,2023-01-23,,Marketing,Unknown,320.0,India,2023,1,January,2023-01
Innovid,40,2023-01-23,0.1,Marketing,Post-IPO,295.0,United States,2023,1,January,2023-01
Booktopia,30,2023-01-23,,Retail,Series A,23.0,Australia,2023,1,January,2023-01
Ermetic,30,2023-01-23,0.17,Security,Series B,97.0,United States,2023,1,January,2023-01
Namogoo,20,2023-01-23,0.15,Marketing,Series C,69.0,Israel,2023,1,January,2023-01
Camp K12,0,2023-01-23,0.7000000000000001,Education,Series A,16.0,India,2023,1,January,2023-01
Gemini,0,2023-01-23,0.1,Crypto,Unknown,423.0,United States,2023,1,January,2023-01
Yext,0,2023-01-23,0.08,Marketing,Post-IPO,117.0,United States,2023,1,January,2023-01
Google,12000,2023-01-20,0.06,Consumer,Post-IPO,26.0,United States,2023,1,January,2023-01
Wayfair,1750,2023-01-20,0.1,Retail,Post-IPO,1700.0,United States,2023,1,January,2023-01
Swiggy,380,2023-01-20,0.06,Food,Unknown,3600.0,India,2023,1,January,2023-01
MediBuddy,200,2023-01-20,0.08,Healthcare,Acquired,192.0,India,2023,1,January,2023-01
Vox Media,130,2023-01-20,0.07,Media,Series F,307.0,United States,2023,1,January,2023-01
BitTorrent,92,2023-01-20,,Infrastructure,Acquired,0.0,United States,2023,1,January,2023-01
Karat,47,2023-01-20,,Hr,Unknown,169.0,United States,2023,1,January,2023-01
Enjoei,31,2023-01-20,0.1,Retail,Unknown,14.0,Brazil,2023,1,January,2023-01
Edifecs,30,2023-01-20,,Healthcare,Unknown,1.0,United States,2023,1,January,2023-01
Citrine Informatics,22,2023-01-20,0.27,Data,Series C,64.0,United States,2023,1,January,2023-01
Cyteir Therapeutics,0,2023-01-20,0.7000000000000001,Healthcare,Series C,156.0,United States,2023,1,January,2023-01
Capital One,1100,2023-01-19,,Finance,Post-IPO,0.0,United States,2023,1,January,2023-01
Proterra,300,2023-01-19,,Transportation,Post-IPO,1200.0,United States,2023,1,January,2023-01
WeWork,300,2023-01-19,,Real Estate,Post-IPO,22200.0,United States,2023,1,January,2023-01
Hubilo,115,2023-01-19,0.35,Other,Series B,153.0,United States,2023,1,January,2023-01
Saks.com,100,2023-01-19,0.05,Retail,Unknown,965.0,United States,2023,1,January,2023-01
CS Disco,62,2023-01-19,0.09,Legal,Post-IPO,233.0,United States,2023,1,January,2023-01
Riot Games,46,2023-01-19,,Consumer,Acquired,21.0,United States,2023,1,January,2023-01
Hydrow,30,2023-01-19,,Fitness,Series D,269.0,United States,2023,1,January,2023-01
Earth Rides,0,2023-01-19,1.0,Transportation,Unknown,2.0,United States,2023,1,January,2023-01
Magnite,0,2023-01-19,0.06,Marketing,Post-IPO,400.0,United States,2023,1,January,2023-01
Mudafy,0,2023-01-19,0.7000000000000001,Real Estate,Series A,13.0,Mexico,2023,1,January,2023-01
Personalis,0,2023-01-19,0.3,Healthcare,Post-IPO,225.0,United States,2023,1,January,2023-01
Prisma,0,2023-01-19,0.28,Data,Series B,56.0,United States,2023,1,January,2023-01
Wallbox,0,2023-01-19,0.15,Energy,Post-IPO,167.0,Spain,2023,1,January,2023-01
Microsoft,10000,2023-01-18,0.05,Other,Post-IPO,1.0,United States,2023,1,January,2023-01
Sophos,450,2023-01-18,0.1,Security,Acquired,125.0,United Kingdom,2023,1,January,2023-01
Teladoc Health,300,2023-01-18,0.06,Healthcare,Post-IPO,172.0,United States,2023,1,January,2023-01
Vroom,275,2023-01-18,0.2,Transportation,Post-IPO,1300.0,United States,2023,1,January,2023-01
8x8,155,2023-01-18,0.07,Support,Post-IPO,253.0,United States,2023,1,January,2023-01
Pagaya,140,2023-01-18,0.2,Finance,Post-IPO,571.0,Israel,2023,1,January,2023-01
Benevity,137,2023-01-18,0.14,Other,Unknown,69.0,Canada,2023,1,January,2023-01
Inspirato,109,2023-01-18,0.12,Travel,Post-IPO,179.0,United States,2023,1,January,2023-01
Jumpcloud,100,2023-01-18,0.12,Security,Series F,416.0,United States,2023,1,January,2023-01
nCino,100,2023-01-18,0.07,Finance,Post-IPO,1100.0,United States,2023,1,January,2023-01
Starry,100,2023-01-18,0.24,Other,Post-IPO,260.0,United States,2023,1,January,2023-01
Hootsuite,70,2023-01-18,0.07,Marketing,Series C,300.0,Canada,2023,1,January,2023-01
Clue,31,2023-01-18,0.31,Healthcare,Unknown,47.0,Germany,2023,1,January,2023-01
Addepar,20,2023-01-18,0.03,Finance,Series F,491.0,United States,2023,1,January,2023-01
80 Acres Farms,0,2023-01-18,0.1,Food,Unknown,275.0,United States,2023,1,January,2023-01
Aiven,0,2023-01-18,0.2,Infrastructure,Series D,420.0,Finland,2023,1,January,2023-01
Bally's Interactive,0,2023-01-18,0.15,Consumer,Post-IPO,946.0,United States,2023,1,January,2023-01
Betterfly,0,2023-01-18,0.3,Healthcare,Series C,204.0,Chile,2023,1,January,2023-01
Lucid Diagnostics,0,2023-01-18,0.2,Healthcare,Post-IPO,0.0,United States,2023,1,January,2023-01
Redbubble,0,2023-01-18,0.14,Retail,Post-IPO,55.0,Australia,2023,1,January,2023-01
Lightspeed Commerce,300,2023-01-17,0.1,Retail,Post-IPO,1200.0,Canada,2023,1,January,2023-01
Unity,284,2023-01-17,0.03,Other,Post-IPO,1300.0,United States,2023,1,January,2023-01
Britishvolt,206,2023-01-17,1.0,Transportation,Unknown,2400.0,United Kingdom,2023,1,January,2023-01
Clutch,150,2023-01-17,,Transportation,Unknown,253.0,Canada,2023,1,January,2023-01
Exotel,142,2023-01-17,0.15,Support,Series D,87.0,India,2023,1,January,2023-01
Unico,110,2023-01-17,0.1,Other,Series D,336.0,Brazil,2023,1,January,2023-01
Tul,100,2023-01-17,,Construction,Series B,218.0,Colombia,2023,1,January,2023-01
American Robotics,50,2023-01-17,0.65,Other,Acquired,92.0,United States,2023,1,January,2023-01
Luxury Presence,44,2023-01-17,,Real Estate,Series B,31.0,United States,2023,1,January,2023-01
RingCentral,30,2023-01-17,,Other,Post-IPO,44.0,United States,2023,1,January,2023-01
GoMechanic,0,2023-01-17,0.7000000000000001,Transportation,Series C,54.0,India,2023,1,January,2023-01
LiveVox,0,2023-01-17,0.16,Support,Post-IPO,12.0,United States,2023,1,January,2023-01
PagBank,500,2023-01-16,0.07,Finance,Post-IPO,0.0,Brazil,2023,1,January,2023-01
ShareChat,500,2023-01-16,0.2,Consumer,Series H,1700.0,India,2023,1,January,2023-01
Gramophone,75,2023-01-16,,Food,Series B,17.0,India,2023,1,January,2023-01
ClearCo,50,2023-01-16,0.3,Finance,Series C,698.0,Canada,2023,1,January,2023-01
Dunzo,0,2023-01-16,0.03,Food,Unknown,382.0,India,2023,1,January,2023-01
Ignition,0,2023-01-16,0.1,Finance,Series C,74.0,Australia,2023,1,January,2023-01
Rebel Foods,0,2023-01-16,0.02,Food,Unknown,548.0,India,2023,1,January,2023-01
Captain Fresh,120,2023-01-15,,Food,Series C,126.0,India,2023,1,January,2023-01
Snappy,100,2023-01-15,0.3,Marketing,Series C,104.0,United States,2023,1,January,2023-01
BharatAgri,40,2023-01-15,0.43,Food,Series A,21.0,India,2023,1,January,2023-01
DeHaat,0,2023-01-15,0.05,Food,Series E,254.0,India,2023,1,January,2023-01
Black Shark,900,2023-01-13,,Hardware,Unknown,0.0,China,2023,1,January,2023-01
Ola,200,2023-01-13,,Transportation,Series J,5000.0,India,2023,1,January,2023-01
Bonterra,140,2023-01-13,0.1,Other,Unknown,0.0,United States,2023,1,January,2023-01
Vial,40,2023-01-13,,Healthcare,Series B,101.0,United States,2023,1,January,2023-01
Arch Oncology,0,2023-01-13,1.0,Healthcare,Series C,155.0,United States,2023,1,January,2023-01
Jellyfish,0,2023-01-13,0.09,Product,Series C,114.0,United States,2023,1,January,2023-01
Lending Club,225,2023-01-12,0.14,Finance,Post-IPO,392.0,United States,2023,1,January,2023-01
SmartNews,120,2023-01-12,0.4,Media,Series F,410.0,Japan,2023,1,January,2023-01
Skit.ai,115,2023-01-12,,Support,Series B,28.0,India,2023,1,January,2023-01
Pier,111,2023-01-12,0.39,Finance,Series B,42.0,Brazil,2023,1,January,2023-01
Blockchain.com,110,2023-01-12,0.28,Crypto,Series D,490.0,United Kingdom,2023,1,January,2023-01
Lattice,105,2023-01-12,0.15,Hr,Series F,328.0,United States,2023,1,January,2023-01
Greenlight,104,2023-01-12,0.21,Finance,Series D,556.0,United States,2023,1,January,2023-01
Cashfree Payments,100,2023-01-12,,Finance,Series B,41.0,India,2023,1,January,2023-01
Mapbox,64,2023-01-12,,Data,Unknown,334.0,United States,2023,1,January,2023-01
Definitive Healthcare,55,2023-01-12,0.06,Healthcare,Post-IPO,0.0,United States,2023,1,January,2023-01
Akili Labs,46,2023-01-12,0.3,Healthcare,Post-IPO,301.0,United States,2023,1,January,2023-01
Career Karma,22,2023-01-12,,Education,Series B,51.0,United States,2023,1,January,2023-01
Crypto.com,0,2023-01-12,0.2,Crypto,Unknown,0.0,Singapore,2023,1,January,2023-01
Life360,0,2023-01-12,0.14,Consumer,Post-IPO,158.0,United States,2023,1,January,2023-01
Rock Content,0,2023-01-12,0.15,Marketing,Series B,34.0,United States,2023,1,January,2023-01
Flexport,640,2023-01-11,0.2,Logistics,Series E,2400.0,United States,2023,1,January,2023-01
Qualtrics,270,2023-01-11,0.05,Other,Post-IPO,400.0,United States,2023,1,January,2023-01
Verily,250,2023-01-11,0.15,Healthcare,Subsidiary,3500.0,United States,2023,1,January,2023-01
Tipalti,123,2023-01-11,0.11,Finance,Series F,565.0,United States,2023,1,January,2023-01
Jumio,100,2023-01-11,0.06,Security,Private Equity,205.0,United States,2023,1,January,2023-01
CoinDCX,80,2023-01-11,,Crypto,Series D,244.0,India,2023,1,January,2023-01
HashiCorp,69,2023-01-11,,Security,Post-IPO,349.0,United States,2023,1,January,2023-01
Embark Vet,41,2023-01-11,,Healthcare,Series B,94.0,United States,2023,1,January,2023-01
Intrinsic,40,2023-01-11,0.2,Other,Acquired,0.0,United States,2023,1,January,2023-01
Citizen,33,2023-01-11,,Consumer,Series C,133.0,United States,2023,1,January,2023-01
Carta,0,2023-01-11,0.1,Hr,Series G,1100.0,United States,2023,1,January,2023-01
Limeade,0,2023-01-11,0.15,Hr,Series C,33.0,United States,2023,1,January,2023-01
Paddle,0,2023-01-11,0.08,Finance,Series D,293.0,United Kingdom,2023,1,January,2023-01
Coinbase,950,2023-01-10,0.2,Crypto,Post-IPO,549.0,United States,2023,1,January,2023-01
Informatica,450,2023-01-10,0.07,Data,Post-IPO,0.0,United States,2023,1,January,2023-01
Blend,340,2023-01-10,0.28,Finance,Post-IPO,665.0,United States,2023,1,January,2023-01
Till Payments,120,2023-01-10,,Finance,Series C,95.0,Australia,2023,1,January,2023-01
ConsenSys,100,2023-01-10,0.11,Crypto,Series D,726.0,United States,2023,1,January,2023-01
ForeScout,100,2023-01-10,0.1,Security,Acquired,125.0,Israel,2023,1,January,2023-01
Thinkific,76,2023-01-10,0.19,Education,Post-IPO,22.0,Canada,2023,1,January,2023-01
LEAD,60,2023-01-10,,Education,Series E,190.0,India,2023,1,January,2023-01
Parler,60,2023-01-10,0.75,Consumer,Series B,36.0,United States,2023,1,January,2023-01
GoBolt,55,2023-01-10,0.05,Logistics,Series C,178.0,Canada,2023,1,January,2023-01
Relevel,40,2023-01-10,0.2,Hr,Unknown,0.0,India,2023,1,January,2023-01
StreamElements,40,2023-01-10,0.2,Media,Series B,111.0,Israel,2023,1,January,2023-01
Cart.com,25,2023-01-10,0.04,Retail,Unknown,383.0,United States,2023,1,January,2023-01
Beamery,0,2023-01-10,0.12,Hr,Series D,223.0,United Kingdom,2023,1,January,2023-01
Citrix,0,2023-01-10,0.15,Infrastructure,Acquired,20.0,United States,2023,1,January,2023-01
Esper,0,2023-01-10,0.21,Other,Series A,10.0,United States,2023,1,January,2023-01
WHOOP,0,2023-01-10,0.04,Fitness,Series F,404.0,United States,2023,1,January,2023-01
Fate Therapeutics,315,2023-01-09,0.5700000000000001,Healthcare,Post-IPO,1200.0,United States,2023,1,January,2023-01
Editas Medicine,0,2023-01-09,0.2,Healthcare,Post-IPO,656.0,United States,2023,1,January,2023-01
Scale AI,0,2023-01-09,0.2,Data,Series E,602.0,United States,2023,1,January,2023-01
Minute Media,50,2023-01-08,0.1,Media,Series I,160.0,United Kingdom,2023,1,January,2023-01
WalkMe,43,2023-01-08,0.03,Other,Post-IPO,307.0,United States,2023,1,January,2023-01
Huobi,275,2023-01-06,0.2,Crypto,Unknown,2.0,China,2023,1,January,2023-01
Carbon Health,200,2023-01-06,,Healthcare,Series D,522.0,United States,2023,1,January,2023-01
Bounce,40,2023-01-06,0.05,Transportation,Series D,214.0,India,2023,1,January,2023-01
Lantern,0,2023-01-06,1.0,Retail,Seed,40.0,United States,2023,1,January,2023-01
Mojo Vision,0,2023-01-06,0.75,Hardware,Series B,204.0,United States,2023,1,January,2023-01
SuperRare,0,2023-01-06,0.3,Crypto,Series A,9.0,United States,2023,1,January,2023-01
Cue,388,2023-01-05,,Healthcare,Post-IPO,999.0,United States,2023,1,January,2023-01
SoundHound,200,2023-01-05,0.5,Other,Post-IPO,326.0,United States,2023,1,January,2023-01
Socure,104,2023-01-05,0.19,Finance,Series E,646.0,United States,2023,1,January,2023-01
Genesis,60,2023-01-05,0.3,Crypto,Series A,0.0,United States,2023,1,January,2023-01
Moglix,40,2023-01-05,0.02,Retail,Series F,472.0,Singapore,2023,1,January,2023-01
Twitter,40,2023-01-05,,Consumer,Post-IPO,12900.0,United States,2023,1,January,2023-01
Everlane,30,2023-01-05,0.17,Retail,Unknown,176.0,United States,2023,1,January,2023-01
Pecan AI,30,2023-01-05,0.25,Data,Series C,116.0,Israel,2023,1,January,2023-01
Personetics,30,2023-01-05,0.08,Support,Private Equity,178.0,United States,2023,1,January,2023-01
Twine Solutions,30,2023-01-05,0.33,Hardware,Unknown,50.0,Israel,2023,1,January,2023-01
UpScalio,25,2023-01-05,0.15,Retail,Series B,62.0,India,2023,1,January,2023-01
Attentive,0,2023-01-05,0.15,Marketing,Series E,863.0,United States,2023,1,January,2023-01
Stitch Fix,0,2023-01-05,0.2,Retail,Post-IPO,79.0,United States,2023,1,January,2023-01
TCR2,0,2023-01-05,0.4,Healthcare,Post-IPO,173.0,United States,2023,1,January,2023-01
Amazon,8000,2023-01-04,0.02,Retail,Post-IPO,108.0,United States,2023,1,January,2023-01
Salesforce,8000,2023-01-04,0.1,Sales,Post-IPO,65.0,United States,2023,1,January,2023-01
Astronomer,76,2023-01-04,0.2,Data,Series C,282.0,United States,2023,1,January,2023-01
Kaltura,75,2023-01-04,0.11,Media,Post-IPO,166.0,United States,2023,1,January,2023-01
Augury,20,2023-01-04,0.05,Manufacturing,Series E,274.0,United States,2023,1,January,2023-01
Butterfly Network,0,2023-01-04,0.25,Healthcare,Post-IPO,530.0,United States,2023,1,January,2023-01
Vimeo,0,2023-01-04,0.11,Consumer,Post-IPO,450.0,United States,2023,1,January,2023-01
Wyre,0,2023-01-04,1.0,Crypto,Unknown,29.0,United States,2023,1,January,2023-01
Pegasystems,245,2023-01-03,0.04,Hr,Post-IPO,0.0,United States,2023,1,January,2023-01
Uniphore,76,2023-01-03,0.1,Support,Series E,620.0,United States,2023,1,January,2023-01
Harappa,60,2023-01-03,0.3,Education,Acquired,0.0,India,2023,1,January,2023-01
Bytedance,0,2023-01-03,0.1,Consumer,Unknown,9400.0,China,2023,1,January,2023-01
Amdocs,700,2023-01-02,0.03,Support,Post-IPO,0.0,United States,2023,1,January,2023-01
Micron,4800,2023-01-01,0.1,Hardware,Post-IPO,50.0,United States,2023,1,January,2023-01
Ezoic,35,2022-12-31,,Infrastructure,Series A,39.0,United States,2022,12,December,2022-12
Gousto,0,2022-12-31,0.14,Food,Unknown,675.0,United Kingdom,2022,12,December,2022-12
Bilibili,0,2022-12-27,0.3,Media,Post-IPO,3700.0,China,2022,12,December,2022-12
Octopus Network,0,2022-12-27,0.4,Crypto,Series A,8.0,Seychelles,2022,12,December,2022-12
PayU,150,2022-12-26,0.06,Finance,Acquired,0.0,Netherlands,2022,12,December,2022-12
Element,0,2022-12-25,0.15,Other,Series B,96.0,United Kingdom,2022,12,December,2022-12
Willow,99,2022-12-23,0.22,Real Estate,Unknown,0.0,Australia,2022,12,December,2022-12
Back Market,93,2022-12-23,0.13,Retail,Series E,1000.0,France,2022,12,December,2022-12
Zoopla,50,2022-12-23,,Real Estate,Series C,25.0,United Kingdom,2022,12,December,2022-12
Qualcomm,153,2022-12-22,,Hardware,Post-IPO,0.0,United States,2022,12,December,2022-12
TuSimple,350,2022-12-21,0.25,Transportation,Post-IPO,648.0,United States,2022,12,December,2022-12
Lendis,0,2022-12-21,0.5,Other,Series A,90.0,Germany,2022,12,December,2022-12
Chope,65,2022-12-20,0.24,Food,Series E,50.0,Singapore,2022,12,December,2022-12
Briza,26,2022-12-20,0.4,Finance,Series A,10.0,Canada,2022,12,December,2022-12
Zhihu,0,2022-12-20,0.1,Consumer,Series F,892.0,China,2022,12,December,2022-12
Homebot,18,2022-12-19,0.13,Real Estate,Acquired,4.0,United States,2022,12,December,2022-12
YourGrocer,0,2022-12-19,1.0,Food,Unknown,2.0,Australia,2022,12,December,2022-12
Tomorrow,30,2022-12-16,0.25,Finance,Unknown,29.0,Germany,2022,12,December,2022-12
Revelate,24,2022-12-16,0.3,Data,Series A,26.0,Canada,2022,12,December,2022-12
Improbable,0,2022-12-16,0.1,Other,Unknown,704.0,United Kingdom,2022,12,December,2022-12
Modern Treasury,0,2022-12-16,0.18,Finance,Series C,183.0,United States,2022,12,December,2022-12
Reach,0,2022-12-16,0.12,Retail,Series A,30.0,Canada,2022,12,December,2022-12
SonderMind,0,2022-12-16,0.15,Healthcare,Series C,183.0,United States,2022,12,December,2022-12
BigCommerce,180,2022-12-15,0.13,Retail,Post-IPO,224.0,United States,2022,12,December,2022-12
Freshworks,90,2022-12-15,0.02,Support,Post-IPO,484.0,United States,2022,12,December,2022-12
LeafLink,80,2022-12-15,0.31,Other,Series C,379.0,United States,2022,12,December,2022-12
Workmotion,60,2022-12-15,0.2,Hr,Series B,76.0,Germany,2022,12,December,2022-12
Apollo,0,2022-12-15,0.15,Product,Series D,183.0,United States,2022,12,December,2022-12
JD.ID,200,2022-12-14,0.3,Retail,Post-IPO,5100.0,Indonesia,2022,12,December,2022-12
GoStudent,100,2022-12-14,,Education,Series D,686.0,Austria,2022,12,December,2022-12
Quanergy Systems,72,2022-12-14,,Transportation,Post-IPO,175.0,United States,2022,12,December,2022-12
Headspace,50,2022-12-14,0.04,Healthcare,Unknown,215.0,United States,2022,12,December,2022-12
ChowNow,40,2022-12-14,0.1,Food,Series C,64.0,United States,2022,12,December,2022-12
Thumbtack,160,2022-12-13,0.14,Consumer,Series I,698.0,United States,2022,12,December,2022-12
Edgio,95,2022-12-13,0.1,Infrastructure,Post-IPO,462.0,United States,2022,12,December,2022-12
Komodo Health,78,2022-12-13,0.09,Healthcare,Series E,514.0,United States,2022,12,December,2022-12
Viant,46,2022-12-13,0.13,Marketing,Post-IPO,0.0,United States,2022,12,December,2022-12
Pluralsight,400,2022-12-12,0.2,Education,Acquired,192.0,United States,2022,12,December,2022-12
Freshly,329,2022-12-12,,Food,Acquired,107.0,United States,2022,12,December,2022-12
Balto,35,2022-12-12,,Sales,Series B,51.0,United States,2022,12,December,2022-12
Outschool,43,2022-12-10,0.25,Education,Series D,240.0,United States,2022,12,December,2022-12
Xentral,20,2022-12-10,0.1,Product,Series B,94.0,Germany,2022,12,December,2022-12
Playtika,600,2022-12-09,0.15,Consumer,Post-IPO,0.0,Israel,2022,12,December,2022-12
Bol.com,300,2022-12-09,0.1,Retail,Acquired,0.0,Netherlands,2022,12,December,2022-12
Share Now,150,2022-12-09,0.36,Transportation,Acquired,0.0,Germany,2022,12,December,2022-12
Alice,113,2022-12-09,0.16,Healthcare,Series C,174.0,Brazil,2022,12,December,2022-12
Primer,85,2022-12-09,0.33,Finance,Series B,73.0,United Kingdom,2022,12,December,2022-12
OneFootball,62,2022-12-09,0.115,Marketing,Series D,442.0,Germany,2022,12,December,2022-12
C2FO,20,2022-12-09,0.02,Finance,Series H,537.0,United States,2022,12,December,2022-12
Brodmann17,0,2022-12-09,1.0,Other,Series A,25.0,Israel,2022,12,December,2022-12
Digital Surge,0,2022-12-09,1.0,Crypto,Unknown,0.0,Australia,2022,12,December,2022-12
ZenLedger,0,2022-12-09,0.1,Crypto,Series B,25.0,United States,2022,12,December,2022-12
Airtable,254,2022-12-08,0.2,Product,Series F,1400.0,United States,2022,12,December,2022-12
Swiggy,250,2022-12-08,0.03,Food,Unknown,3600.0,India,2022,12,December,2022-12
Glints,198,2022-12-08,0.18,Hr,Series D,82.0,Singapore,2022,12,December,2022-12
Buser,160,2022-12-08,0.3,Transportation,Series C,138.0,Brazil,2022,12,December,2022-12
BlackLine,95,2022-12-08,0.05,Finance,Private Equity,220.0,United States,2022,12,December,2022-12
Chrono24,80,2022-12-08,,Retail,Series C,205.0,Germany,2022,12,December,2022-12
Otonomo,80,2022-12-08,0.5,Transportation,Post-IPO,231.0,Israel,2022,12,December,2022-12
TechTarget,60,2022-12-08,0.05,Marketing,Post-IPO,115.0,United States,2022,12,December,2022-12
Inscripta,43,2022-12-08,,Healthcare,Series E,459.0,United States,2022,12,December,2022-12
CyCognito,30,2022-12-08,0.15,Security,Series C,153.0,United States,2022,12,December,2022-12
Armis,25,2022-12-08,0.04,Security,Private Equity,537.0,United States,2022,12,December,2022-12
Bakkt,0,2022-12-08,0.15,Crypto,Post-IPO,932.0,United States,2022,12,December,2022-12
Blue Apron,0,2022-12-08,0.1,Food,Post-IPO,352.0,United States,2022,12,December,2022-12
Nerdy,0,2022-12-08,0.17,Education,Post-IPO,150.0,United States,2022,12,December,2022-12
Vanta,0,2022-12-08,0.14,Security,Series B,203.0,United States,2022,12,December,2022-12
Vedantu,385,2022-12-07,,Education,Series E,292.0,India,2022,12,December,2022-12
Loft,312,2022-12-07,0.12,Real Estate,Unknown,788.0,Brazil,2022,12,December,2022-12
Plaid,260,2022-12-07,0.2,Finance,Series D,734.0,United States,2022,12,December,2022-12
Motive,237,2022-12-07,0.06,Transportation,Series F,567.0,United States,2022,12,December,2022-12
Recur Forever,235,2022-12-07,,Crypto,Series A,55.0,United States,2022,12,December,2022-12
Relativity,150,2022-12-07,0.1,Legal,Private Equity,125.0,United States,2022,12,December,2022-12
Voi,130,2022-12-07,0.13,Transportation,Series D,515.0,Sweden,2022,12,December,2022-12
Integral Ad Science,120,2022-12-07,0.13,Marketing,Acquired,116.0,United States,2022,12,December,2022-12
Houzz,95,2022-12-07,0.08,Consumer,Series E,613.0,United States,2022,12,December,2022-12
Grover,40,2022-12-07,0.1,Retail,Unknown,2300.0,Germany,2022,12,December,2022-12
Lev,30,2022-12-07,0.3,Real Estate,Series B,114.0,United States,2022,12,December,2022-12
Lithic,27,2022-12-07,0.18,Finance,Series C,115.0,United States,2022,12,December,2022-12
CircleCI,0,2022-12-07,0.17,Product,Series F,315.0,United States,2022,12,December,2022-12
Sayurbox,0,2022-12-07,0.05,Food,Series C,139.0,Indonesia,2022,12,December,2022-12
Doma,515,2022-12-06,0.4,Finance,Post-IPO,679.0,United States,2022,12,December,2022-12
Intel,201,2022-12-06,,Hardware,Post-IPO,12.0,United States,2022,12,December,2022-12
BuzzFeed,180,2022-12-06,0.12,Media,Post-IPO,696.0,United States,2022,12,December,2022-12
Weedmaps,175,2022-12-06,0.25,Other,Acquired,0.0,United States,2022,12,December,2022-12
Adobe,100,2022-12-06,,Marketing,Post-IPO,2.0,United States,2022,12,December,2022-12
Chipper Cash,50,2022-12-06,0.125,Finance,Series C,302.0,United States,2022,12,December,2022-12
Stash,32,2022-12-06,0.08,Finance,Unknown,480.0,United States,2022,12,December,2022-12
Perimeter 81,20,2022-12-06,0.08,Security,Series C,165.0,Israel,2022,12,December,2022-12
Koinly,16,2022-12-06,0.14,Crypto,Unknown,0.0,United Kingdom,2022,12,December,2022-12
Bridgit,13,2022-12-06,0.13,Construction,Series B,36.0,Canada,2022,12,December,2022-12
Nextiva,0,2022-12-06,0.17,Other,Private Equity,200.0,United States,2022,12,December,2022-12
OneStudyTeam,0,2022-12-06,0.25,Healthcare,Series D,479.0,United States,2022,12,December,2022-12
Zuora,0,2022-12-06,0.11,Finance,Post-IPO,647.0,United States,2022,12,December,2022-12
Swyftx,90,2022-12-05,0.4,Crypto,Unknown,0.0,Australia,2022,12,December,2022-12
Aqua Security,65,2022-12-05,0.1,Security,Series E,265.0,United States,2022,12,December,2022-12
DataRails,30,2022-12-05,0.18,Finance,Series B,103.0,Israel,2022,12,December,2022-12
OYO,600,2022-12-03,,Travel,Series F,4000.0,India,2022,12,December,2022-12
HealthifyMe,150,2022-12-03,,Fitness,Series C,100.0,India,2022,12,December,2022-12
Bybit,0,2022-12-03,0.3,Crypto,Unknown,0.0,Singapore,2022,12,December,2022-12
Cognyte,100,2022-12-02,0.05,Security,Unknown,0.0,Israel,2022,12,December,2022-12
ShareChat,100,2022-12-02,,Consumer,Unknown,1700.0,India,2022,12,December,2022-12
Polly,47,2022-12-02,0.15,Finance,Series C,184.0,United States,2022,12,December,2022-12
Lora DiCarlo,0,2022-12-02,1.0,Consumer,Unknown,9.0,United States,2022,12,December,2022-12
Carousell,110,2022-12-01,0.1,Retail,Private Equity,372.0,Singapore,2022,12,December,2022-12
Bizzabo,100,2022-12-01,0.37,Marketing,Series E,194.0,United States,2022,12,December,2022-12
BloomTech,88,2022-12-01,0.5,Education,Unknown,0.0,United States,2022,12,December,2022-12
Netlify,48,2022-12-01,0.16,Product,Series D,212.0,United States,2022,12,December,2022-12
Springbig,37,2022-12-01,0.23,Sales,Post-IPO,32.0,United States,2022,12,December,2022-12
Podium,0,2022-12-01,0.12,Support,Series D,419.0,United States,2022,12,December,2022-12
SQZ Biotech,0,2022-12-01,0.6,Healthcare,Post-IPO,229.0,United States,2022,12,December,2022-12
Strava,0,2022-12-01,0.14,Fitness,Series F,151.0,United States,2022,12,December,2022-12
Synlogic,0,2022-12-01,0.25,Healthcare,Post-IPO,321.0,United States,2022,12,December,2022-12
DoorDash,1250,2022-11-30,0.06,Food,Post-IPO,2500.0,United States,2022,11,November,2022-11
Kraken,1100,2022-11-30,0.3,Crypto,Unknown,134.0,United States,2022,11,November,2022-11
Happy Money,158,2022-11-30,0.34,Finance,Series D,191.0,United States,2022,11,November,2022-11
Ula,134,2022-11-30,0.23,Retail,Series B,140.0,Indonesia,2022,11,November,2022-11
Wonder,130,2022-11-30,0.07,Food,Series B,850.0,United States,2022,11,November,2022-11
StudySmarter,70,2022-11-30,,Education,Series A,64.0,Germany,2022,11,November,2022-11
Grin,60,2022-11-30,0.13,Marketing,Series B,145.0,United States,2022,11,November,2022-11
Ualá,53,2022-11-30,0.03,Finance,Series D,544.0,Argentina,2022,11,November,2022-11
Teachmint,45,2022-11-30,0.05,Education,Series B,118.0,India,2022,11,November,2022-11
Etermax,40,2022-11-30,,Other,Unknown,0.0,Argentina,2022,11,November,2022-11
Thread,30,2022-11-30,0.5,Retail,Acquired,40.0,United Kingdom,2022,11,November,2022-11
Nexar,25,2022-11-30,,Transportation,Series D,149.0,United States,2022,11,November,2022-11
Elastic,0,2022-11-30,0.13,Data,Post-IPO,162.0,United States,2022,11,November,2022-11
Sana,0,2022-11-30,0.15,Healthcare,Series A,700.0,United States,2022,11,November,2022-11
Bitso,100,2022-11-29,,Crypto,Series C,378.0,Mexico,2022,11,November,2022-11
Lyst,50,2022-11-29,0.25,Retail,Unknown,144.0,United Kingdom,2022,11,November,2022-11
CoinJar,10,2022-11-29,0.2,Crypto,Unknown,1.0,Australia,2022,11,November,2022-11
Bitfront,0,2022-11-29,1.0,Crypto,Unknown,0.0,United States,2022,11,November,2022-11
Codexis,0,2022-11-29,0.18,Healthcare,Post-IPO,162.0,United States,2022,11,November,2022-11
Firework,0,2022-11-29,0.1,Retail,Series B,269.0,United States,2022,11,November,2022-11
MessageBird,0,2022-11-29,0.31,Other,Series C,1100.0,Netherlands,2022,11,November,2022-11
Plerk,0,2022-11-29,0.4,Finance,Series A,13.0,Mexico,2022,11,November,2022-11
Infarm,500,2022-11-28,0.5,Other,Series D,604.0,Germany,2022,11,November,2022-11
Wildlife Studios,300,2022-11-28,0.2,Consumer,Unknown,260.0,Brazil,2022,11,November,2022-11
Hirect,200,2022-11-28,0.4,Recruiting,Series A,0.0,India,2022,11,November,2022-11
ApplyBoard,90,2022-11-28,0.06,Education,Series D,483.0,Canada,2022,11,November,2022-11
Ajaib,67,2022-11-28,0.08,Finance,Unknown,245.0,Indonesia,2022,11,November,2022-11
Candy Digital,33,2022-11-28,0.33,Crypto,Series A,100.0,United States,2022,11,November,2022-11
ResearchGate,25,2022-11-28,0.1,Other,Series D,87.0,Germany,2022,11,November,2022-11
BlockFi,0,2022-11-28,1.0,Crypto,Series E,1000.0,United States,2022,11,November,2022-11
NCX,0,2022-11-28,0.4,Energy,Series B,78.0,United States,2022,11,November,2022-11
Spora Health,0,2022-11-28,1.0,Healthcare,Seed,4.0,United States,2022,11,November,2022-11
Change Invest,0,2022-11-27,0.24,Finance,Unknown,22.0,Netherlands,2022,11,November,2022-11
VerSe Innovation,150,2022-11-25,0.05,Media,Series J,1700.0,India,2022,11,November,2022-11
Carwow,70,2022-11-25,0.2,Transportation,Unknown,157.0,United Kingdom,2022,11,November,2022-11
Vendease,27,2022-11-25,0.09,Food,Series A,43.0,Nigeria,2022,11,November,2022-11
Lemon,100,2022-11-24,0.38,Crypto,Series A,17.0,Argentina,2022,11,November,2022-11
Quidax,20,2022-11-24,0.2,Crypto,Unknown,3.0,Nigeria,2022,11,November,2022-11
Assure,0,2022-11-23,1.0,Finance,Seed,2.0,United States,2022,11,November,2022-11
GoodGood,0,2022-11-23,1.0,Retail,Seed,6.0,Canada,2022,11,November,2022-11
Muni Tienda,0,2022-11-23,1.0,Other,Series A,20.0,Colombia,2022,11,November,2022-11
SWVL,0,2022-11-23,0.5,Transportation,Post-IPO,264.0,Egypt,2022,11,November,2022-11
Western Digital,251,2022-11-22,,Hardware,Post-IPO,900.0,United States,2022,11,November,2022-11
SIRCLO,160,2022-11-22,0.08,Retail,Series B,92.0,Indonesia,2022,11,November,2022-11
Movidesk,118,2022-11-22,,Support,Acquired,11.0,Brazil,2022,11,November,2022-11
Trax,80,2022-11-22,0.08,Retail,Series E,1000.0,Singapore,2022,11,November,2022-11
Jumia,900,2022-11-21,0.2,Retail,Post-IPO,1200.0,Nigeria,2022,11,November,2022-11
Kitopi,93,2022-11-21,0.1,Food,Series C,804.0,UAE,2022,11,November,2022-11
Devo,0,2022-11-21,0.15,Security,Series F,481.0,United States,2022,11,November,2022-11
GloriFi,0,2022-11-21,1.0,Finance,Unknown,0.0,United States,2022,11,November,2022-11
Zomato,100,2022-11-19,0.04,Food,Series J,914.0,India,2022,11,November,2022-11
Carvana,1500,2022-11-18,0.08,Transportation,Post-IPO,1600.0,United States,2022,11,November,2022-11
Nuro,300,2022-11-18,0.2,Transportation,Series D,2100.0,United States,2022,11,November,2022-11
Synthego,105,2022-11-18,0.2,Healthcare,Series E,459.0,United States,2022,11,November,2022-11
Splyt,57,2022-11-18,,Transportation,Series B,34.0,United Kingdom,2022,11,November,2022-11
Capitolis,0,2022-11-18,0.25,Finance,Series D,281.0,United States,2022,11,November,2022-11
StoryBlocks,0,2022-11-18,0.25,Media,Acquired,18.0,United States,2022,11,November,2022-11
Unchained Capital,0,2022-11-18,0.15,Crypto,Series A,33.0,United States,2022,11,November,2022-11
Roku,200,2022-11-17,0.07,Media,Post-IPO,208.0,United States,2022,11,November,2022-11
Orchard,180,2022-11-17,,Real Estate,Series D,472.0,United States,2022,11,November,2022-11
Homepoint,113,2022-11-17,,Real Estate,Post-IPO,0.0,United States,2022,11,November,2022-11
Juni,72,2022-11-17,0.33,Finance,Unknown,281.0,Sweden,2022,11,November,2022-11
Chili Piper,58,2022-11-17,,Sales,Series B,54.0,United States,2022,11,November,2022-11
Capitolis,37,2022-11-17,0.25,Finance,Series D,281.0,United States,2022,11,November,2022-11
TealBook,34,2022-11-17,0.19,Other,Series B,73.0,Canada,2022,11,November,2022-11
Koho,15,2022-11-17,0.04,Finance,Series D,278.0,Canada,2022,11,November,2022-11
&Open,9,2022-11-17,0.09,Marketing,Series A,35.0,Ireland,2022,11,November,2022-11
Kandji,0,2022-11-17,0.17,Other,Series C,188.0,United States,2022,11,November,2022-11
Morning Brew,0,2022-11-17,0.14,Media,Acquired,0.0,United States,2022,11,November,2022-11
Symend,0,2022-11-17,0.13,Other,Series C,148.0,Canada,2022,11,November,2022-11
Amazon,10000,2022-11-16,0.03,Retail,Post-IPO,108.0,United States,2022,11,November,2022-11
Cisco,4100,2022-11-16,0.05,Infrastructure,Post-IPO,2.0,United States,2022,11,November,2022-11
Twiga,211,2022-11-16,0.21,Food,Series C,157.0,Kenya,2022,11,November,2022-11
Wayflyer,200,2022-11-16,0.4,Marketing,Unknown,889.0,Ireland,2022,11,November,2022-11
Similarweb,120,2022-11-16,0.1,Other,Post-IPO,235.0,United States,2022,11,November,2022-11
Salsify,90,2022-11-16,0.11,Retail,Series F,452.0,United States,2022,11,November,2022-11
Lokalise,76,2022-11-16,0.23,Other,Series B,56.0,United States,2022,11,November,2022-11
Yotpo,70,2022-11-16,0.09,Marketing,Unknown,436.0,United States,2022,11,November,2022-11
Pear Therapeutics,59,2022-11-16,0.22,Healthcare,Post-IPO,409.0,United States,2022,11,November,2022-11
D2L,0,2022-11-16,0.05,Education,Post-IPO,168.0,Canada,2022,11,November,2022-11
Dance,0,2022-11-16,0.16,Transportation,Unknown,63.0,Germany,2022,11,November,2022-11
Homeward,0,2022-11-16,0.25,Real Estate,Unknown,501.0,United States,2022,11,November,2022-11
Hopin,0,2022-11-16,0.17,Other,Series D,1000.0,United Kingdom,2022,11,November,2022-11
Kite,0,2022-11-16,1.0,Product,Series A,21.0,United States,2022,11,November,2022-11
UiPath,241,2022-11-15,0.06,Data,Post-IPO,2000.0,United States,2022,11,November,2022-11
Asana,180,2022-11-15,0.09,Other,Post-IPO,453.0,United States,2022,11,November,2022-11
OwnBackup,170,2022-11-15,0.17,Security,Series E,507.0,United States,2022,11,November,2022-11
Deliveroo Australia,120,2022-11-15,1.0,Food,Post-IPO,1700.0,Australia,2022,11,November,2022-11
Productboard,100,2022-11-15,0.2,Product,Series D,0.0,United States,2022,11,November,2022-11
Properly,71,2022-11-15,,Real Estate,Series B,154.0,Canada,2022,11,November,2022-11
Protocol,60,2022-11-15,1.0,Media,Acquired,0.0,United States,2022,11,November,2022-11
Jimdo,50,2022-11-15,0.16,Other,Unknown,28.0,Germany,2022,11,November,2022-11
The Zebra,50,2022-11-15,,Finance,Series D,256.0,United States,2022,11,November,2022-11
Viber,45,2022-11-15,0.08,Consumer,Acquired,0.0,Luxembourg,2022,11,November,2022-11
CaptivateIQ,31,2022-11-15,0.1,Sales,Series C,164.0,United States,2022,11,November,2022-11
Apollo Insurance,0,2022-11-15,0.25,Finance,Series B,11.0,Canada,2022,11,November,2022-11
Nirvana Money,0,2022-11-15,1.0,Finance,Unknown,0.0,United States,2022,11,November,2022-11
OfferUp,0,2022-11-15,0.19,Retail,Unknown,381.0,United States,2022,11,November,2022-11
Outside,0,2022-11-15,0.12,Media,Series B,174.0,United States,2022,11,November,2022-11
Rubicon Technologies,0,2022-11-15,0.11,Other,Post-IPO,382.0,United States,2022,11,November,2022-11
Whispir,0,2022-11-15,0.3,Other,Post-IPO,68.0,Australia,2022,11,November,2022-11
Illumina,500,2022-11-14,0.05,Healthcare,Post-IPO,28.0,United States,2022,11,November,2022-11
Sema4,500,2022-11-14,,Healthcare,Post-IPO,791.0,United States,2022,11,November,2022-11
iFit,300,2022-11-14,0.2,Fitness,Private Equity,200.0,United States,2022,11,November,2022-11
Ribbon,170,2022-11-14,0.85,Real Estate,Series C,405.0,United States,2022,11,November,2022-11
Pipedrive,143,2022-11-14,0.15,Sales,Private Equity,90.0,Estonia,2022,11,November,2022-11
Intercom,124,2022-11-14,0.13,Support,Series D,240.0,United States,2022,11,November,2022-11
Science 37,90,2022-11-14,,Healthcare,Post-IPO,347.0,United States,2022,11,November,2022-11
Pear Therapeutics,59,2022-11-14,0.22,Healthcare,Post-IPO,409.0,United States,2022,11,November,2022-11
Cardlytics,51,2022-11-14,,Marketing,Post-IPO,212.0,United States,2022,11,November,2022-11
Cloudinary,40,2022-11-14,0.08,Media,Unknown,100.0,United States,2022,11,November,2022-11
Nestcoin,30,2022-11-14,,Crypto,Seed,6.0,Nigeria,2022,11,November,2022-11
Gokada,20,2022-11-14,,Transportation,Unknown,12.0,Nigeria,2022,11,November,2022-11
Tricida,0,2022-11-14,0.5700000000000001,Healthcare,Post-IPO,624.0,United States,2022,11,November,2022-11
Veev,100,2022-11-11,0.3,Real Estate,Series D,597.0,United States,2022,11,November,2022-11
Forto,60,2022-11-11,0.08,Logistics,Series D,593.0,Germany,2022,11,November,2022-11
Offerpad,0,2022-11-11,0.07,Real Estate,Post-IPO,355.0,United States,2022,11,November,2022-11
GoTo Group,1300,2022-11-10,0.12,Transportation,Post-IPO,1300.0,Indonesia,2022,11,November,2022-11
Juul,400,2022-11-10,0.3,Consumer,Unknown,1500.0,United States,2022,11,November,2022-11
Blend,100,2022-11-10,0.06,Finance,Post-IPO,665.0,United States,2022,11,November,2022-11
InfluxData,65,2022-11-10,0.27,Data,Series D,119.0,United States,2022,11,November,2022-11
Coinbase,60,2022-11-10,,Crypto,Post-IPO,549.0,United States,2022,11,November,2022-11
SoundHound,45,2022-11-10,0.1,Other,Post-IPO,326.0,United States,2022,11,November,2022-11
Wistia,40,2022-11-10,,Marketing,Unknown,18.0,United States,2022,11,November,2022-11
Ocavu,20,2022-11-10,0.48,Crypto,Series A,11.0,United States,2022,11,November,2022-11
Avast,0,2022-11-10,0.25,Security,Unknown,0.0,United States,2022,11,November,2022-11
SendCloud,0,2022-11-10,0.1,Logistics,Series C,200.0,Netherlands,2022,11,November,2022-11
Wavely,0,2022-11-10,1.0,Hr,Unknown,0.0,United States,2022,11,November,2022-11
Meta,11000,2022-11-09,0.13,Consumer,Post-IPO,26000.0,United States,2022,11,November,2022-11
Redfin,862,2022-11-09,0.13,Real Estate,Post-IPO,320.0,United States,2022,11,November,2022-11
Flyhomes,300,2022-11-09,0.4,Real Estate,Series C,310.0,United States,2022,11,November,2022-11
AvantStay,144,2022-11-09,0.22,Travel,Private Equity,686.0,United States,2022,11,November,2022-11
Root Insurance,137,2022-11-09,0.2,Finance,Post-IPO,527.0,United States,2022,11,November,2022-11
Liftoff,130,2022-11-09,0.15,Marketing,Acquired,6.0,United States,2022,11,November,2022-11
Cameo,80,2022-11-09,,Consumer,Unknown,165.0,United States,2022,11,November,2022-11
Plum,36,2022-11-09,0.1,Healthcare,Series A,20.0,India,2022,11,November,2022-11
Kabam,35,2022-11-09,0.07,Consumer,Acquired,244.0,United States,2022,11,November,2022-11
HighRadius,25,2022-11-09,,Finance,Series C,475.0,India,2022,11,November,2022-11
Namogoo,25,2022-11-09,0.15,Marketing,Series C,69.0,Israel,2022,11,November,2022-11
CloudFactory,0,2022-11-09,0.12,Data,Private Equity,78.0,Kenya,2022,11,November,2022-11
Faze Medicines,0,2022-11-09,1.0,Healthcare,Series B,81.0,United States,2022,11,November,2022-11
RingCentral,0,2022-11-09,0.1,Other,Post-IPO,44.0,United States,2022,11,November,2022-11
EverBridge,200,2022-11-08,,Other,Post-IPO,476.0,United States,2022,11,November,2022-11
Repertoire Immune Medicines,65,2022-11-08,0.5,Healthcare,Series B,257.0,United States,2022,11,November,2022-11
Astra,0,2022-11-08,0.16,Aerospace,Post-IPO,300.0,United States,2022,11,November,2022-11
NanoString,0,2022-11-08,0.1,Healthcare,Post-IPO,731.0,United States,2022,11,November,2022-11
SADA,0,2022-11-08,0.11,Other,Acquired,0.0,United States,2022,11,November,2022-11
Salesforce,1000,2022-11-07,0.01,Sales,Post-IPO,65.0,United States,2022,11,November,2022-11
Unacademy,350,2022-11-07,0.1,Education,Series H,838.0,India,2022,11,November,2022-11
Zendesk,350,2022-11-07,0.05,Support,Acquired,85.0,United States,2022,11,November,2022-11
Dock,190,2022-11-07,0.12,Finance,Private Equity,280.0,Brazil,2022,11,November,2022-11
Code42,0,2022-11-07,0.15,Security,Unknown,137.0,United States,2022,11,November,2022-11
Domino Data Lab,0,2022-11-07,0.25,Data,Series F,223.0,United States,2022,11,November,2022-11
Varonis,110,2022-11-06,0.05,Security,Post-IPO,30.0,United States,2022,11,November,2022-11
Brainly,25,2022-11-06,,Education,Series D,148.0,Poland,2022,11,November,2022-11
Twitter,3700,2022-11-04,0.5,Consumer,Post-IPO,12900.0,United States,2022,11,November,2022-11
Udaan,350,2022-11-04,,Retail,Unknown,1500.0,India,2022,11,November,2022-11
Planetly,200,2022-11-04,1.0,Other,Acquired,5.0,Germany,2022,11,November,2022-11
KoinWorks,70,2022-11-04,0.08,Finance,Unknown,180.0,Indonesia,2022,11,November,2022-11
Exodus,59,2022-11-04,0.22,Crypto,Unknown,60.0,United States,2022,11,November,2022-11
Benitago Group,0,2022-11-04,0.14,Retail,Series A,380.0,United States,2022,11,November,2022-11
Mythical Games,0,2022-11-04,0.1,Crypto,Series C,260.0,United States,2022,11,November,2022-11
Stripe,1000,2022-11-03,0.14,Finance,Series H,2300.0,United States,2022,11,November,2022-11
Lyft,700,2022-11-03,0.13,Transportation,Post-IPO,4900.0,United States,2022,11,November,2022-11
LendingTree,200,2022-11-03,,Finance,Post-IPO,0.0,United States,2022,11,November,2022-11
Pleo,150,2022-11-03,0.15,Finance,Series C,428.0,Denmark,2022,11,November,2022-11
Delivery Hero,100,2022-11-03,,Food,Post-IPO,8300.0,Germany,2022,11,November,2022-11
Shippo,60,2022-11-03,0.2,Logistics,Series E,154.0,United States,2022,11,November,2022-11
Affirm,0,2022-11-03,0.01,Finance,Post-IPO,1500.0,United States,2022,11,November,2022-11
LiveRamp,0,2022-11-03,0.1,Marketing,Post-IPO,16.0,United States,2022,11,November,2022-11
Rubius,0,2022-11-03,0.8200000000000001,Healthcare,Post-IPO,445.0,United States,2022,11,November,2022-11
Snapdocs,0,2022-11-03,0.15,Real Estate,Series D,253.0,United States,2022,11,November,2022-11
Opendoor,550,2022-11-02,0.18,Real Estate,Post-IPO,1900.0,United States,2022,11,November,2022-11
Chime,156,2022-11-02,0.12,Finance,Series G,2300.0,United States,2022,11,November,2022-11
Chargebee,142,2022-11-02,0.1,Finance,Series H,468.0,United States,2022,11,November,2022-11
Dapper Labs,134,2022-11-02,0.22,Crypto,Series D,607.0,Canada,2022,11,November,2022-11
Checkmarx,100,2022-11-02,0.1,Security,Series C,92.0,Israel,2022,11,November,2022-11
Smava,100,2022-11-02,0.15,Finance,Unknown,188.0,Germany,2022,11,November,2022-11
Iron Ox,50,2022-11-02,0.5,Food,Series C,103.0,United States,2022,11,November,2022-11
Digital Currency Gruop,10,2022-11-02,0.13,Crypto,Unknown,0.0,United States,2022,11,November,2022-11
BitMEX,0,2022-11-02,0.3,Crypto,Seed,0.0,Seychelles,2022,11,November,2022-11
Argo AI,259,2022-11-01,,Transportation,Unknown,3600.0,United States,2022,11,November,2022-11
Booking.com,226,2022-11-01,,Travel,Acquired,0.0,United States,2022,11,November,2022-11
Oracle,200,2022-11-01,,Other,Post-IPO,0.0,United States,2022,11,November,2022-11
Upstart,140,2022-11-01,0.07,Finance,Post-IPO,144.0,United States,2022,11,November,2022-11
Gem,100,2022-11-01,0.33,Recruiting,Series C,148.0,United States,2022,11,November,2022-11
Oda,70,2022-11-01,0.18,Food,Unknown,377.0,Sweden,2022,11,November,2022-11
Oda,70,2022-11-01,0.18,Food,Unknown,477.0,Norway,2022,11,November,2022-11
Oda,70,2022-11-01,0.06,Food,Unknown,479.0,Norway,2022,11,November,2022-11
Hootsuite,50,2022-11-01,0.05,Marketing,Series C,300.0,Canada,2022,11,November,2022-11
Drop,24,2022-11-01,,Marketing,Series B,56.0,Canada,2022,11,November,2022-11
Tapps Games,10,2022-11-01,,Consumer,Unknown,0.0,Brazil,2022,11,November,2022-11
Brightline,0,2022-11-01,0.2,Healthcare,Series C,212.0,United States,2022,11,November,2022-11
Kry,300,2022-10-31,0.1,Healthcare,Series D,568.0,Sweden,2022,10,October,2022-10
Notarize,60,2022-10-31,,Legal,Series D,213.0,United States,2022,10,October,2022-10
EquityZen,30,2022-10-31,0.27,Finance,Series B,11.0,United States,2022,10,October,2022-10
Equitybee,25,2022-10-31,0.2,Finance,Series B,85.0,United States,2022,10,October,2022-10
Dukaan,23,2022-10-31,,Retail,Series A,17.0,India,2022,10,October,2022-10
Doubtnut,0,2022-10-31,0.3,Education,Series B,49.0,India,2022,10,October,2022-10
Amazon,150,2022-10-28,,Retail,Post-IPO,108.0,United States,2022,10,October,2022-10
Fifth Season,100,2022-10-28,1.0,Food,Series B,35.0,United States,2022,10,October,2022-10
Advata,32,2022-10-28,0.21,Healthcare,,0.0,United States,2022,10,October,2022-10
Springlane,0,2022-10-28,0.35,Food,Series C,11.0,Germany,2022,10,October,2022-10
RenoRun,210,2022-10-27,0.43,Construction,Series B,163.0,Canada,2022,10,October,2022-10
Recharge,84,2022-10-27,0.17,Finance,Series B,277.0,United States,2022,10,October,2022-10
Lattice,13,2022-10-27,,Hr,Series F,328.0,United States,2022,10,October,2022-10
GoNuts,0,2022-10-27,1.0,Media,Seed,0.0,India,2022,10,October,2022-10
Seagate,3000,2022-10-26,0.08,Hardware,Post-IPO,0.0,United States,2022,10,October,2022-10
MindBody,400,2022-10-26,0.15,Fitness,Post-IPO,114.0,United States,2022,10,October,2022-10
Zillow,300,2022-10-26,0.05,Real Estate,Post-IPO,97.0,United States,2022,10,October,2022-10
Cybereason,200,2022-10-26,0.17,Security,Series F,750.0,United States,2022,10,October,2022-10
Argo AI,173,2022-10-26,,Transportation,Unknown,3600.0,United States,2022,10,October,2022-10
GoFundMe,94,2022-10-26,0.12,Finance,Series A,0.0,United States,2022,10,October,2022-10
Fundbox,150,2022-10-25,0.42,Finance,Series D,553.0,United States,2022,10,October,2022-10
Embroker,30,2022-10-25,0.12,Finance,Series C,142.0,United States,2022,10,October,2022-10
Vee,17,2022-10-25,0.5,Hr,Seed,15.0,Israel,2022,10,October,2022-10
Callisto Media,0,2022-10-25,0.35,Media,Series D,0.0,United States,2022,10,October,2022-10
Philips,4000,2022-10-24,0.05,Healthcare,Post-IPO,0.0,Netherlands,2022,10,October,2022-10
Cerebral,400,2022-10-24,0.2,Healthcare,Series C,462.0,United States,2022,10,October,2022-10
Snyk,198,2022-10-24,0.14,Security,Series F,849.0,United States,2022,10,October,2022-10
McMakler,100,2022-10-24,,Real Estate,Unknown,214.0,Germany,2022,10,October,2022-10
Unico,50,2022-10-24,0.04,Other,Series D,336.0,Brazil,2022,10,October,2022-10
OrCam,62,2022-10-23,0.16,Healthcare,Unknown,86.0,Israel,2022,10,October,2022-10
Antidote Health,23,2022-10-23,0.38,Healthcare,Unknown,36.0,Israel,2022,10,October,2022-10
Khoros,120,2022-10-21,0.1,Sales,Private Equity,138.0,United States,2022,10,October,2022-10
F5,100,2022-10-21,0.01,Security,Post-IPO,0.0,United States,2022,10,October,2022-10
Elinvar,43,2022-10-21,0.33,Finance,Unknown,30.0,Germany,2022,10,October,2022-10
Synapsica,30,2022-10-21,0.3,Healthcare,Series A,4.0,India,2022,10,October,2022-10
Volta,0,2022-10-21,0.54,Transportation,Post-IPO,575.0,United States,2022,10,October,2022-10
Hotmart,227,2022-10-20,0.12,Marketing,Series C,127.0,Brazil,2022,10,October,2022-10
Zeus Living,64,2022-10-20,0.46,Real Estate,Series C,151.0,United States,2022,10,October,2022-10
Loom,23,2022-10-20,0.11,Product,Series C,203.0,United States,2022,10,October,2022-10
Sales Boomerang,20,2022-10-20,,Sales,Private Equity,5.0,United States,2022,10,October,2022-10
Roofstock,0,2022-10-20,0.2,Real Estate,Series E,365.0,United States,2022,10,October,2022-10
Starry,0,2022-10-20,0.5,Other,Post-IPO,260.0,United States,2022,10,October,2022-10
Gopuff,250,2022-10-19,,Food,Series H,3400.0,United States,2022,10,October,2022-10
AtoB,32,2022-10-19,0.3,Finance,Series B,177.0,United States,2022,10,October,2022-10
InfoSum,20,2022-10-19,0.12,Security,Series B,88.0,United Kingdom,2022,10,October,2022-10
Faire,84,2022-10-18,0.07,Retail,Series G,1700.0,United States,2022,10,October,2022-10
Leafly,56,2022-10-18,0.21,Retail,Post-IPO,71.0,United States,2022,10,October,2022-10
Ada Health,50,2022-10-17,,Healthcare,Series B,189.0,Germany,2022,10,October,2022-10
Tiendanube,50,2022-10-17,0.05,Marketing,Unknown,0.0,Argentina,2022,10,October,2022-10
Nuri,0,2022-10-17,1.0,Crypto,Series B,42.0,Germany,2022,10,October,2022-10
Flipboard,24,2022-10-16,0.21,Media,Unknown,235.0,United States,2022,10,October,2022-10
Clear Capital,378,2022-10-14,0.27,Real Estate,Unknown,0.0,United States,2022,10,October,2022-10
Beyond Meat,200,2022-10-14,0.19,Food,Post-IPO,122.0,United States,2022,10,October,2022-10
Beyond Meat,200,2022-10-14,0.19,Food,Post-IPO,122.0,United States,2022,10,October,2022-10
Flux Systems,0,2022-10-14,1.0,Finance,Unknown,9.0,United Kingdom,2022,10,October,2022-10
Qin1,0,2022-10-14,1.0,Education,Seed,0.0,India,2022,10,October,2022-10
Salesforce,90,2022-10-13,,Sales,Post-IPO,65.0,United States,2022,10,October,2022-10
Playdots,65,2022-10-13,1.0,Consumer,Acquired,10.0,United States,2022,10,October,2022-10
Byju's,2500,2022-10-12,0.05,Education,Private Equity,5500.0,India,2022,10,October,2022-10
6sense,150,2022-10-12,0.1,Sales,Series E,426.0,United States,2022,10,October,2022-10
Sinch,150,2022-10-12,,Other,Post-IPO,1500.0,Sweden,2022,10,October,2022-10
FrontRow,130,2022-10-12,0.75,Education,Series A,17.0,India,2022,10,October,2022-10
Noom,500,2022-10-11,0.1,Healthcare,Series F,657.0,United States,2022,10,October,2022-10
MX,200,2022-10-11,,Finance,Series C,450.0,United States,2022,10,October,2022-10
Brex,136,2022-10-11,0.11,Finance,Series D,1500.0,United States,2022,10,October,2022-10
Pacaso,100,2022-10-11,0.3,Real Estate,Series C,217.0,United States,2022,10,October,2022-10
Sketch,80,2022-10-11,,Other,Series A,20.0,Netherlands,2022,10,October,2022-10
Udacity,55,2022-10-11,0.13,Education,Unknown,235.0,United States,2022,10,October,2022-10
Linkfire,35,2022-10-11,0.35,Marketing,Seed,2.0,Denmark,2022,10,October,2022-10
HelloFresh,611,2022-10-10,,Food,Post-IPO,367.0,United States,2022,10,October,2022-10
SurveyMonkey,180,2022-10-10,0.11,Marketing,Post-IPO,1100.0,United States,2022,10,October,2022-10
Pavilion Data,96,2022-10-10,0.96,Infrastructure,Series D,103.0,United States,2022,10,October,2022-10
Redesign Health,67,2022-10-10,0.2,Healthcare,Series C,315.0,United States,2022,10,October,2022-10
Nyriad,0,2022-10-10,0.33,Infrastructure,Unknown,58.0,United States,2022,10,October,2022-10
Collage.com,0,2022-10-09,1.0,Retail,Acquired,0.0,United States,2022,10,October,2022-10
BioMarin,120,2022-10-07,0.04,Healthcare,Post-IPO,585.0,United States,2022,10,October,2022-10
Rev.com,85,2022-10-07,,Data,Series D,30.0,United States,2022,10,October,2022-10
Crypto.com,2000,2022-10-06,0.3,Crypto,Unknown,156.0,Singapore,2022,10,October,2022-10
Peloton,500,2022-10-06,0.12,Fitness,Post-IPO,1900.0,United States,2022,10,October,2022-10
Landing,110,2022-10-06,,Real Estate,Series C,347.0,United States,2022,10,October,2022-10
Turnitin,51,2022-10-06,0.05,Education,Acquired,0.0,United States,2022,10,October,2022-10
Impossible Foods,50,2022-10-06,0.06,Food,Series H,1900.0,United States,2022,10,October,2022-10
Foresight Insurance,0,2022-10-06,0.4,Finance,Series B,58.0,United States,2022,10,October,2022-10
Built In,50,2022-10-05,0.25,Recruiting,Series C,29.0,United States,2022,10,October,2022-10
TwinStrand,0,2022-10-05,0.5,Healthcare,Series B,73.0,United States,2022,10,October,2022-10
8x8,200,2022-10-04,0.09,Support,Post-IPO,253.0,United States,2022,10,October,2022-10
Zoomo,65,2022-10-04,0.16,Transportation,Series B,105.0,Australia,2022,10,October,2022-10
Homie,40,2022-10-04,0.13,Real Estate,Series B,35.0,United States,2022,10,October,2022-10
Fivetran,0,2022-10-04,0.05,Data,Series D,0.0,United States,2022,10,October,2022-10
Xendit,0,2022-10-04,0.05,Finance,Series D,534.0,Indonesia,2022,10,October,2022-10
ActiveCampaign,0,2022-10-03,0.15,Marketing,Series C,360.0,United States,2022,10,October,2022-10
WazirX,60,2022-10-02,0.4,Crypto,Acquired,0.0,India,2022,10,October,2022-10
Spin,78,2022-09-30,0.1,Transportation,Acquired,8.0,United States,2022,9,September,2022-09
Carsome,0,2022-09-30,0.1,Transportation,Series E,607.0,Malaysia,2022,9,September,2022-09
Pastel,0,2022-09-30,1.0,Food,Unknown,0.0,United States,2022,9,September,2022-09
Westwing,125,2022-09-29,,Retail,Post-IPO,237.0,Germany,2022,9,September,2022-09
Mux,40,2022-09-29,0.2,Infrastructure,Series D,173.0,United States,2022,9,September,2022-09
Solarisbank,0,2022-09-29,0.1,Finance,Unknown,385.0,Germany,2022,9,September,2022-09
DocuSign,671,2022-09-28,0.09,Sales,Post-IPO,536.0,United States,2022,9,September,2022-09
Volta,0,2022-09-28,0.1,Transportation,Post-IPO,575.0,United States,2022,9,September,2022-09
Divvy Homes,40,2022-09-27,0.12,Real Estate,Series B,180.0,United States,2022,9,September,2022-09
Konfio,180,2022-09-23,,Finance,Series E,706.0,Mexico,2022,9,September,2022-09
Moss,70,2022-09-23,0.15,Finance,Series B,150.0,Germany,2022,9,September,2022-09
Foxtrot,26,2022-09-23,0.035,Food,Series C,166.0,United States,2022,9,September,2022-09
Truiloo,24,2022-09-23,0.05,Security,Series D,474.0,Canada,2022,9,September,2022-09
Pesto,0,2022-09-23,1.0,Other,Seed,6.0,United States,2022,9,September,2022-09
NYDIG,110,2022-09-22,0.33,Crypto,Private Equity,1400.0,United States,2022,9,September,2022-09
Klarna,100,2022-09-22,,Finance,Unknown,3700.0,Sweden,2022,9,September,2022-09
Made.com,0,2022-09-22,0.35,Retail,Series D,136.0,United Kingdom,2022,9,September,2022-09
Kitty Hawk,100,2022-09-21,1.0,Aerospace,Unknown,1.0,United States,2022,9,September,2022-09
Compass,271,2022-09-20,,Real Estate,Post-IPO,1600.0,United States,2022,9,September,2022-09
Curative,109,2022-09-20,,Healthcare,Seed,8.0,United States,2022,9,September,2022-09
Ada,78,2022-09-20,0.16,Support,Series C,190.0,Canada,2022,9,September,2022-09
99,75,2022-09-20,0.02,Transportation,Acquired,244.0,Brazil,2022,9,September,2022-09
Ouster,0,2022-09-20,0.1,Transportation,Post-IPO,282.0,United States,2022,9,September,2022-09
Zappos,0,2022-09-20,0.04,Retail,Acquired,62.0,United States,2022,9,September,2022-09
Ola,200,2022-09-19,,Transportation,Series J,5000.0,India,2022,9,September,2022-09
Vesalius Therapeutics,29,2022-09-19,0.43,Healthcare,Series B,75.0,United States,2022,9,September,2022-09
VideoAmp,0,2022-09-19,0.02,Marketing,Series F,456.0,United States,2022,9,September,2022-09
Clear,190,2022-09-16,0.2,Finance,Series C,140.0,India,2022,9,September,2022-09
TrueLayer,40,2022-09-16,0.1,Finance,Series E,271.0,United Kingdom,2022,9,September,2022-09
LivePerson,193,2022-09-15,0.11,Support,Post-IPO,42.0,United States,2022,9,September,2022-09
Acast,70,2022-09-15,0.15,Media,Post-IPO,126.0,Sweden,2022,9,September,2022-09
WorkRamp,35,2022-09-15,0.2,Hr,Series C,67.0,United States,2022,9,September,2022-09
NextRoll,0,2022-09-15,0.07,Marketing,Unknown,108.0,United States,2022,9,September,2022-09
Twilio,800,2022-09-14,0.11,Other,Post-IPO,614.0,United States,2022,9,September,2022-09
Pitch,59,2022-09-14,0.3,Marketing,Series B,137.0,Germany,2022,9,September,2022-09
Infarm,50,2022-09-14,0.05,Other,Series D,604.0,Germany,2022,9,September,2022-09
Netflix,30,2022-09-14,,Media,Post-IPO,121900.0,United States,2022,9,September,2022-09
Bitrise,0,2022-09-14,0.14,Infrastructure,Series C,83.0,Hungary,2022,9,September,2022-09
Rubius,160,2022-09-13,0.75,Healthcare,Post-IPO,445.0,United States,2022,9,September,2022-09
Checkout.com,100,2022-09-13,0.05,Finance,Series D,1800.0,United Kingdom,2022,9,September,2022-09
Taboola,100,2022-09-13,0.06,Marketing,Post-IPO,445.0,United States,2022,9,September,2022-09
Patreon,80,2022-09-13,0.17,Media,Series F,413.0,United States,2022,9,September,2022-09
FullStory,0,2022-09-13,0.12,Marketing,Unknown,197.0,United States,2022,9,September,2022-09
Propzy,0,2022-09-13,1.0,Real Estate,Series A,33.0,Vietnam,2022,9,September,2022-09
Quicko,60,2022-09-12,,Transportation,Acquired,28.0,Brazil,2022,9,September,2022-09
Mode Analytics,25,2022-09-12,,Data,Series D,81.0,United States,2022,9,September,2022-09
Compete,11,2022-09-12,0.28,Hr,Series A,17.0,Israel,2022,9,September,2022-09
Karbon,0,2022-09-12,0.23,Other,Series B,91.0,United States,2022,9,September,2022-09
Rent the Runway,0,2022-09-12,0.24,Retail,Post-IPO,526.0,United States,2022,9,September,2022-09
SkipTheDishes,350,2022-09-09,,Food,Acquired,6.0,Canada,2022,9,September,2022-09
Brighte,58,2022-09-09,,Energy,Series C,145.0,Australia,2022,9,September,2022-09
Patreon,5,2022-09-09,,Media,Series F,413.0,United States,2022,9,September,2022-09
Amber Group,0,2022-09-09,0.1,Crypto,Series B,328.0,Hong Kong,2022,9,September,2022-09
CommonBond,0,2022-09-09,1.0,Finance,Series D,125.0,United States,2022,9,September,2022-09
Flowhub,0,2022-09-09,0.15,Retail,Unknown,45.0,United States,2022,9,September,2022-09
Lido Learning,0,2022-09-09,1.0,Education,Series C,20.0,India,2022,9,September,2022-09
GoStudent,200,2022-09-08,,Education,Series D,686.0,Austria,2022,9,September,2022-09
Pomelo Fashion,55,2022-09-08,0.08,Retail,Unknown,120.0,Thailand,2022,9,September,2022-09
Genome Medical,23,2022-09-08,,Healthcare,Series C,120.0,United States,2022,9,September,2022-09
BigBear.ai,0,2022-09-08,0.07,Data,Post-IPO,200.0,United States,2022,9,September,2022-09
Simple Feast,150,2022-09-07,1.0,Food,Unknown,173.0,Denmark,2022,9,September,2022-09
Foodpanda,60,2022-09-07,,Food,Acquired,749.0,Singapore,2022,9,September,2022-09
Uber,60,2022-09-07,,Transportation,Post-IPO,24700.0,Lithuania,2022,9,September,2022-09
Rupeek,50,2022-09-07,,Finance,Unknown,172.0,India,2022,9,September,2022-09
Intercom,49,2022-09-07,0.05,Support,Series D,240.0,United States,2022,9,September,2022-09
Pendo,45,2022-09-07,0.05,Product,Series F,469.0,United States,2022,9,September,2022-09
Demandbase,27,2022-09-07,0.03,Sales,Series H,143.0,United States,2022,9,September,2022-09
Medly,0,2022-09-07,0.5,Healthcare,Series C,100.0,United States,2022,9,September,2022-09
Brave Care,40,2022-09-06,0.33,Healthcare,Series B,42.0,United States,2022,9,September,2022-09
Lawgeex,30,2022-09-06,0.33,Legal,Series C,41.0,Israel,2022,9,September,2022-09
Juniper Square,0,2022-09-06,0.14,Real Estate,Series C,108.0,United States,2022,9,September,2022-09
Medium,0,2022-09-06,0.25,Media,Unknown,163.0,United States,2022,9,September,2022-09
Kuda,23,2022-09-02,0.05,Finance,Series B,91.0,Nigeria,2022,9,September,2022-09
2TM,100,2022-09-01,0.15,Crypto,Unknown,250.0,Brazil,2022,9,September,2022-09
Innovaccer,90,2022-09-01,0.08,Healthcare,Series E,379.0,United States,2022,9,September,2022-09
Shopify,70,2022-09-01,,Retail,Post-IPO,122.0,Canada,2022,9,September,2022-09
Urban Sports Club,55,2022-09-01,0.15,Fitness,Unknown,95.0,Germany,2022,9,September,2022-09
Hedvig,12,2022-09-01,,Finance,Series B,67.0,Sweden,2022,9,September,2022-09
Snap,1280,2022-08-31,0.2,Consumer,Post-IPO,4900.0,United States,2022,8,August,2022-08
GoodRx,140,2022-08-31,0.16,Healthcare,Post-IPO,910.0,United States,2022,8,August,2022-08
Smava,100,2022-08-31,0.1,Finance,Unknown,188.0,Germany,2022,8,August,2022-08
Hippo Insurance,70,2022-08-31,0.1,Finance,Post-IPO,1300.0,United States,2022,8,August,2022-08
Clari,45,2022-08-31,,Sales,Series F,496.0,United States,2022,8,August,2022-08
Koo,40,2022-08-31,,Consumer,Series B,44.0,India,2022,8,August,2022-08
TCR2,30,2022-08-31,0.2,Healthcare,Post-IPO,173.0,United States,2022,8,August,2022-08
Apartment List,29,2022-08-31,0.1,Real Estate,Series D,169.0,United States,2022,8,August,2022-08
Artnight,26,2022-08-31,0.36,Retail,Unknown,0.0,Germany,2022,8,August,2022-08
The Wing,0,2022-08-31,1.0,Real Estate,Series C,117.0,United States,2022,8,August,2022-08
Electric,81,2022-08-30,,Other,Series D,212.0,United States,2022,8,August,2022-08
Immersive Labs,38,2022-08-30,0.1,Security,Series C,123.0,United Kingdom,2022,8,August,2022-08
Nate,30,2022-08-30,,Retail,Series A,47.0,United States,2022,8,August,2022-08
Meesho,300,2022-08-29,,Retail,Series F,1100.0,India,2022,8,August,2022-08
54gene,95,2022-08-29,0.3,Healthcare,Series B,44.0,United States,2022,8,August,2022-08
Zymergen,80,2022-08-26,,Other,Acquired,974.0,United States,2022,8,August,2022-08
Okta,24,2022-08-26,,Security,Post-IPO,1200.0,United States,2022,8,August,2022-08
Argyle,20,2022-08-26,0.07,Finance,Series B,78.0,United States,2022,8,August,2022-08
FreshDirect,40,2022-08-25,,Food,Acquired,280.0,United States,2022,8,August,2022-08
Loja Integrada,25,2022-08-25,0.1,Retail,Acquired,0.0,Brazil,2022,8,August,2022-08
Impact.com,0,2022-08-25,0.1,Marketing,Private Equity,361.0,United States,2022,8,August,2022-08
ShipBob,0,2022-08-25,0.07,Logistics,Series E,330.0,United States,2022,8,August,2022-08
Reali,140,2022-08-24,1.0,Real Estate,Series B,117.0,United States,2022,8,August,2022-08
Loop,15,2022-08-24,0.2,Finance,Series A,24.0,United States,2022,8,August,2022-08
Tier Mobility,180,2022-08-23,0.16,Transportation,Series D,646.0,Germany,2022,8,August,2022-08
Packable,138,2022-08-23,0.2,Retail,Unknown,472.0,United States,2022,8,August,2022-08
Q4,50,2022-08-23,0.08,Other,Series C,91.0,Canada,2022,8,August,2022-08
Skedulo,31,2022-08-23,0.08,Hr,Series C,114.0,United States,2022,8,August,2022-08
Plato,29,2022-08-23,0.5,Hr,Seed,3.0,United States,2022,8,August,2022-08
DataRobot,0,2022-08-23,0.26,Data,Series G,1000.0,United States,2022,8,August,2022-08
Mr. Yum,0,2022-08-22,0.17,Food,Series A,73.0,Australia,2022,8,August,2022-08
ShopX,0,2022-08-22,1.0,Retail,Unknown,56.0,India,2022,8,August,2022-08
NSO,100,2022-08-21,0.14,Security,Seed,1.0,Israel,2022,8,August,2022-08
Tufin,55,2022-08-21,0.1,Security,Acquired,21.0,United States,2022,8,August,2022-08
Amperity,13,2022-08-20,0.03,Marketing,Series D,187.0,United States,2022,8,August,2022-08
Wayfair,870,2022-08-19,0.05,Retail,Post-IPO,1700.0,United States,2022,8,August,2022-08
Stripe,50,2022-08-19,,Finance,Series H,2300.0,United States,2022,8,August,2022-08
Hodlnaut,40,2022-08-19,0.8,Crypto,Unknown,0.0,Singapore,2022,8,August,2022-08
New Relic,110,2022-08-18,0.05,Infrastructure,Post-IPO,214.0,United States,2022,8,August,2022-08
Wheel,35,2022-08-18,0.17,Healthcare,Series C,215.0,United States,2022,8,August,2022-08
Petal,0,2022-08-18,0.1,Finance,Series D,704.0,United States,2022,8,August,2022-08
Thirty Madison,0,2022-08-18,0.1,Healthcare,Series C,209.0,United States,2022,8,August,2022-08
Vendasta,0,2022-08-18,0.05,Marketing,Series D,178.0,Canada,2022,8,August,2022-08
Malwarebytes,125,2022-08-17,0.14,Security,Series B,80.0,United States,2022,8,August,2022-08
Fluke,83,2022-08-17,0.8200000000000001,Other,Seed,0.0,Brazil,2022,8,August,2022-08
Swyftx,74,2022-08-17,0.21,Crypto,Unknown,0.0,Australia,2022,8,August,2022-08
Tempo Automation,54,2022-08-17,,Other,Series C,74.0,United States,2022,8,August,2022-08
Genesis,52,2022-08-17,0.2,Crypto,Series A,0.0,United States,2022,8,August,2022-08
Warren,50,2022-08-17,,Finance,Series C,104.0,Brazil,2022,8,August,2022-08
AlayaCare,80,2022-08-16,0.14,Healthcare,Series D,293.0,Canada,2022,8,August,2022-08
Pliops,12,2022-08-16,0.09,Data,Series D,205.0,Israel,2022,8,August,2022-08
Woven,5,2022-08-16,0.15,Hr,Series A,11.0,United States,2022,8,August,2022-08
Edmodo,0,2022-08-16,1.0,Education,Acquired,77.0,United States,2022,8,August,2022-08
Snapdocs,0,2022-08-16,0.1,Real Estate,Series D,253.0,United States,2022,8,August,2022-08
Sema4,250,2022-08-15,0.13,Healthcare,Post-IPO,791.0,United States,2022,8,August,2022-08
Blend,220,2022-08-15,0.12,Finance,Post-IPO,665.0,United States,2022,8,August,2022-08
ContraFect,16,2022-08-15,0.37,Healthcare,Post-IPO,380.0,United States,2022,8,August,2022-08
ThredUp,0,2022-08-15,0.15,Retail,Post-IPO,305.0,United States,2022,8,August,2022-08
Anywell,11,2022-08-14,,Real Estate,Series A,15.0,Israel,2022,8,August,2022-08
Peloton,784,2022-08-12,0.13,Fitness,Post-IPO,1900.0,United States,2022,8,August,2022-08
Core Scientific,0,2022-08-12,0.1,Crypto,Post-IPO,169.0,United States,2022,8,August,2022-08
Truepill,175,2022-08-11,0.33,Healthcare,Series D,255.0,United States,2022,8,August,2022-08
Calm,90,2022-08-11,0.2,Healthcare,Series C,218.0,United States,2022,8,August,2022-08
FourKites,60,2022-08-11,0.08,Logistics,Series D,201.0,United States,2022,8,August,2022-08
Marketforce,54,2022-08-11,0.09,Retail,Series A,42.0,Kenya,2022,8,August,2022-08
Betterfly,30,2022-08-11,,Healthcare,Series C,204.0,Chile,2022,8,August,2022-08
Expert360,7,2022-08-11,,Recruiting,Series C,26.0,Australia,2022,8,August,2022-08
Guidewire,0,2022-08-11,0.02,Finance,Post-IPO,24.0,United States,2022,8,August,2022-08
Trybe,47,2022-08-10,0.1,Education,Series B,40.0,Brazil,2022,8,August,2022-08
Permutive,30,2022-08-10,0.12,Marketing,Series C,105.0,United Kingdom,2022,8,August,2022-08
Homeward,0,2022-08-10,0.2,Real Estate,Series B,160.0,United States,2022,8,August,2022-08
Pollen,0,2022-08-10,1.0,Marketing,Series C,238.0,United Kingdom,2022,8,August,2022-08
Vedanta Biosciences,0,2022-08-10,0.2,Healthcare,Series D,301.0,United States,2022,8,August,2022-08
GoHealth,800,2022-08-09,0.2,Healthcare,Post-IPO,75.0,United States,2022,8,August,2022-08
Hootsuite,400,2022-08-09,0.3,Marketing,Series C,300.0,Canada,2022,8,August,2022-08
Nutanix,270,2022-08-09,0.04,Infrastructure,Post-IPO,1100.0,United States,2022,8,August,2022-08
Quanterix,130,2022-08-09,0.25,Healthcare,Post-IPO,533.0,United States,2022,8,August,2022-08
Wix,100,2022-08-09,,Marketing,Post-IPO,58.0,Israel,2022,8,August,2022-08
MadeiraMadeira,60,2022-08-09,0.03,Retail,Series E,338.0,Brazil,2022,8,August,2022-08
Melio,60,2022-08-09,,Finance,Series D,504.0,United States,2022,8,August,2022-08
Linktree,50,2022-08-09,0.17,Consumer,Unknown,165.0,Australia,2022,8,August,2022-08
Shogun,48,2022-08-09,0.3,Retail,Series C,114.0,United States,2022,8,August,2022-08
Absci,40,2022-08-09,,Healthcare,Post-IPO,237.0,Canada,2022,8,August,2022-08
Dooly,12,2022-08-09,,Sales,Series B,102.0,Canada,2022,8,August,2022-08
Berkeley Lights,0,2022-08-09,0.12,Healthcare,Post-IPO,272.0,United States,2022,8,August,2022-08
DailyPay,0,2022-08-09,0.15,Finance,Unknown,814.0,United States,2022,8,August,2022-08
Haus,0,2022-08-09,1.0,Food,Seed,7.0,United States,2022,8,August,2022-08
Kaltura,0,2022-08-09,0.1,Media,Post-IPO,166.0,United States,2022,8,August,2022-08
Groupon,500,2022-08-08,0.15,Retail,Post-IPO,1400.0,United States,2022,8,August,2022-08
Loggi,500,2022-08-08,0.15,Logistics,Series F,507.0,Brazil,2022,8,August,2022-08
Vroom,337,2022-08-08,,Transportation,Post-IPO,1300.0,United States,2022,8,August,2022-08
Warby Parker,63,2022-08-08,,Consumer,Post-IPO,535.0,United States,2022,8,August,2022-08
Labelbox,36,2022-08-08,,Data,Series D,188.0,United States,2022,8,August,2022-08
Perion,20,2022-08-08,0.05,Marketing,Post-IPO,76.0,Israel,2022,8,August,2022-08
Daily Harvest,0,2022-08-08,0.15,Food,Series D,120.0,United States,2022,8,August,2022-08
iRobot,140,2022-08-05,0.1,Consumer,Acquired,30.0,United States,2022,8,August,2022-08
Mejuri,50,2022-08-05,0.1,Retail,Series B,28.0,Canada,2022,8,August,2022-08
Uberflip,31,2022-08-05,0.17,Marketing,Series A,42.0,Canada,2022,8,August,2022-08
Doma,250,2022-08-04,0.13,Finance,Post-IPO,679.0,United States,2022,8,August,2022-08
Article,216,2022-08-04,0.17,Retail,Series B,0.0,Canada,2022,8,August,2022-08
Jam City,200,2022-08-04,0.17,Consumer,Unknown,652.0,United States,2022,8,August,2022-08
10X Genomics,100,2022-08-04,0.08,Healthcare,Post-IPO,242.0,United States,2022,8,August,2022-08
LEAD,80,2022-08-04,0.04,Education,Series E,166.0,India,2022,8,August,2022-08
Zendesk,80,2022-08-04,,Support,Acquired,85.0,United States,2022,8,August,2022-08
On Deck,73,2022-08-04,0.33,Education,Series A,20.0,United States,2022,8,August,2022-08
RenoRun,70,2022-08-04,0.12,Construction,Series B,163.0,Canada,2022,8,August,2022-08
RingCentral,50,2022-08-04,,Support,Post-IPO,44.0,United States,2022,8,August,2022-08
Medly,0,2022-08-04,0.16,Healthcare,Series C,100.0,United States,2022,8,August,2022-08
Nomad,0,2022-08-04,0.2,Finance,Series B,290.0,Brazil,2022,8,August,2022-08
Weedmaps,0,2022-08-04,0.1,Other,Acquired,0.0,United States,2022,8,August,2022-08
Zenius,0,2022-08-04,0.3,Education,Series B,20.0,Indonesia,2022,8,August,2022-08
Healthcare.com,149,2022-08-03,,Healthcare,Series C,244.0,United States,2022,8,August,2022-08
Unbounce,47,2022-08-03,0.2,Marketing,Series A,39.0,Canada,2022,8,August,2022-08
Beyond Meat,40,2022-08-03,0.04,Food,Post-IPO,122.0,United States,2022,8,August,2022-08
The Org,13,2022-08-03,,Hr,Series B,39.0,United States,2022,8,August,2022-08
Puppet,0,2022-08-03,0.15,Infrastructure,Acquired,189.0,United States,2022,8,August,2022-08
SoundCloud,0,2022-08-03,0.2,Consumer,Unknown,542.0,Germany,2022,8,August,2022-08
Talkwalker,0,2022-08-03,0.15,Marketing,Private Equity,9.0,Luxembourg,2022,8,August,2022-08
Robinhood,713,2022-08-02,0.23,Finance,Post-IPO,5600.0,United States,2022,8,August,2022-08
Latch,115,2022-08-02,0.37,Security,Post-IPO,342.0,United States,2022,8,August,2022-08
Vedantu,100,2022-08-02,,Education,Series E,292.0,India,2022,8,August,2022-08
Seegrid,90,2022-08-02,,Logistics,Unknown,107.0,United States,2022,8,August,2022-08
Nylas,80,2022-08-02,0.25,Product,Series C,175.0,United States,2022,8,August,2022-08
Outreach,60,2022-08-02,0.05,Sales,Series G,489.0,United States,2022,8,August,2022-08
Sendy,54,2022-08-02,0.2,Logistics,Series B,26.0,Kenya,2022,8,August,2022-08
The Predictive Index,40,2022-08-02,,Hr,Acquired,71.0,United States,2022,8,August,2022-08
Sendy,30,2022-08-02,0.1,Logistics,Series B,26.0,Kenya,2022,8,August,2022-08
Stedi,23,2022-08-02,0.3,Product,Series B,75.0,United States,2022,8,August,2022-08
Glossier,19,2022-08-02,0.08,Retail,Series E,266.0,United States,2022,8,August,2022-08
Butterfly Network,0,2022-08-02,0.1,Healthcare,Post-IPO,530.0,United States,2022,8,August,2022-08
Hash,58,2022-08-01,0.5,Finance,Series C,58.0,Brazil,2022,8,August,2022-08
Perceptive Automata,0,2022-08-01,1.0,Transportation,Series A,20.0,United States,2022,8,August,2022-08
Metigy,75,2022-07-31,1.0,Marketing,Series B,18.0,Australia,2022,7,July,2022-07
Vee,16,2022-07-31,0.32,Hr,Seed,15.0,Israel,2022,7,July,2022-07
Gatherly,0,2022-07-31,0.5,Marketing,,0.0,United States,2022,7,July,2022-07
Ola,1000,2022-07-29,,Transportation,Series J,5000.0,India,2022,7,July,2022-07
Clearco,125,2022-07-29,0.25,Finance,Series C,681.0,Canada,2022,7,July,2022-07
Imperfect Foods,50,2022-07-29,,Food,Series D,229.0,United States,2022,7,July,2022-07
Shelf Engine,43,2022-07-29,,Food,Series B,58.0,United States,2022,7,July,2022-07
Quantcast,40,2022-07-29,0.06,Marketing,Series C,65.0,United States,2022,7,July,2022-07
Sherpa,22,2022-07-29,,Travel,Unknown,11.0,Canada,2022,7,July,2022-07
Yabonza,0,2022-07-29,1.0,Real Estate,Unknown,6.0,Australia,2022,7,July,2022-07
Ribbon,136,2022-07-28,,Real Estate,Series C,405.0,United States,2022,7,July,2022-07
Career Karma,60,2022-07-28,0.33,Education,Series B,51.0,United States,2022,7,July,2022-07
Metromile,60,2022-07-28,0.2,Finance,Acquired,510.0,United States,2022,7,July,2022-07
Laybuy,45,2022-07-28,,Finance,Post-IPO,130.0,New Zealand,2022,7,July,2022-07
Allbirds,23,2022-07-28,,Retail,Post-IPO,202.0,United States,2022,7,July,2022-07
TextNow,22,2022-07-28,,Consumer,Seed,1.0,Canada,2022,7,July,2022-07
2U,0,2022-07-28,0.2,Education,Post-IPO,426.0,United States,2022,7,July,2022-07
Change.org,0,2022-07-28,0.19,Other,Series D,72.0,United States,2022,7,July,2022-07
Turntide,0,2022-07-28,0.2,Energy,Unknown,491.0,United States,2022,7,July,2022-07
Rivian,840,2022-07-27,0.06,Transportation,Post-IPO,10700.0,United States,2022,7,July,2022-07
Vox Media,39,2022-07-27,0.02,Media,Series F,307.0,United States,2022,7,July,2022-07
Coinsquare,30,2022-07-27,0.24,Crypto,Unknown,98.0,Canada,2022,7,July,2022-07
Skai,30,2022-07-27,0.04,Marketing,Series E,60.0,Israel,2022,7,July,2022-07
Shopify,1000,2022-07-26,0.1,Retail,Post-IPO,122.0,Canada,2022,7,July,2022-07
McMakler,90,2022-07-26,,Real Estate,Unknown,214.0,Germany,2022,7,July,2022-07
Fiverr,60,2022-07-26,0.08,Other,Post-IPO,111.0,Israel,2022,7,July,2022-07
InDebted,40,2022-07-26,0.17,Finance,Series B,41.0,Australia,2022,7,July,2022-07
Outbrain,38,2022-07-26,0.03,Marketing,Post-IPO,394.0,United States,2022,7,July,2022-07
Dover,23,2022-07-26,0.3,Recruiting,Series A,22.0,United States,2022,7,July,2022-07
Immutable,20,2022-07-26,0.06,Crypto,Series C,279.0,Australia,2022,7,July,2022-07
Zymergen,80,2022-07-25,,Other,Acquired,974.0,United States,2022,7,July,2022-07
Pear Therapeutics,25,2022-07-25,0.09,Healthcare,Post-IPO,409.0,United States,2022,7,July,2022-07
Included Health,0,2022-07-25,0.06,Healthcare,Series E,272.0,United States,2022,7,July,2022-07
Soluto,120,2022-07-24,1.0,Support,Acquired,18.0,Israel,2022,7,July,2022-07
Eucalyptus,50,2022-07-22,0.2,Healthcare,Series C,69.0,Australia,2022,7,July,2022-07
Workstream,45,2022-07-22,,Hr,Series B,58.0,United States,2022,7,July,2022-07
Quanto,28,2022-07-22,0.22,Finance,Series A,15.0,Brazil,2022,7,July,2022-07
Clarify Health,15,2022-07-22,0.05,Healthcare,Series D,328.0,United States,2022,7,July,2022-07
Boosted Commerce,0,2022-07-22,0.05,Retail,Series B,137.0,United States,2022,7,July,2022-07
Blockchain.com,150,2022-07-21,0.25,Crypto,Series D,490.0,United Kingdom,2022,7,July,2022-07
Callisto Media,140,2022-07-21,0.35,Media,Series D,0.0,United States,2022,7,July,2022-07
AppGate,130,2022-07-21,0.22,Security,Post-IPO,0.0,United States,2022,7,July,2022-07
WHOOP,95,2022-07-21,0.15,Fitness,Series F,404.0,United States,2022,7,July,2022-07
Rad Power Bikes,63,2022-07-21,0.1,Transportation,Series D,329.0,United States,2022,7,July,2022-07
Lunchbox,60,2022-07-21,0.33,Food,Series B,72.0,United States,2022,7,July,2022-07
RealSelf,11,2022-07-21,0.05,Healthcare,Series B,42.0,United States,2022,7,July,2022-07
98point6,0,2022-07-21,0.1,Healthcare,Series E,247.0,United States,2022,7,July,2022-07
InVision,0,2022-07-21,0.5,Product,Series F,356.0,United States,2022,7,July,2022-07
Just Eat Takeaway,390,2022-07-20,,Food,Post-IPO,2800.0,Netherlands,2022,7,July,2022-07
Flyhomes,200,2022-07-20,0.2,Real Estate,Series C,310.0,United States,2022,7,July,2022-07
Varo,75,2022-07-20,,Finance,Series E,992.0,United States,2022,7,July,2022-07
BlueStacks,60,2022-07-20,,Other,Series C,48.0,United States,2022,7,July,2022-07
Lyft,60,2022-07-20,0.02,Transportation,Post-IPO,4900.0,United States,2022,7,July,2022-07
Introhive,57,2022-07-20,0.16,Sales,Series C,125.0,Canada,2022,7,July,2022-07
Zencity,30,2022-07-20,0.2,Other,Unknown,51.0,Israel,2022,7,July,2022-07
Splice,23,2022-07-20,,Media,Series D,159.0,United States,2022,7,July,2022-07
Forma.ai,15,2022-07-20,0.09,Sales,Series B,58.0,Canada,2022,7,July,2022-07
Arc,13,2022-07-20,,Hr,Seed,1.0,United States,2022,7,July,2022-07
Invitae,1000,2022-07-19,,Healthcare,Post-IPO,2000.0,United States,2022,7,July,2022-07
Olive,450,2022-07-19,0.31,Healthcare,Series H,856.0,United States,2022,7,July,2022-07
M1,38,2022-07-19,,Finance,Series E,323.0,United States,2022,7,July,2022-07
SellerX,28,2022-07-19,,Retail,Unknown,766.0,Germany,2022,7,July,2022-07
Stint,28,2022-07-19,0.2,Hr,Unknown,0.0,United Kingdom,2022,7,July,2022-07
Capsule,0,2022-07-19,0.13,Healthcare,Series D,570.0,United States,2022,7,July,2022-07
PACT Pharma,94,2022-07-18,,Healthcare,Series C,200.0,United States,2022,7,July,2022-07
Gemini,68,2022-07-18,0.07,Crypto,Unknown,423.0,United States,2022,7,July,2022-07
Lusha,30,2022-07-18,0.1,Marketing,Series B,245.0,United States,2022,7,July,2022-07
Freshly,0,2022-07-18,0.25,Food,Acquired,107.0,United States,2022,7,July,2022-07
Hydrow,0,2022-07-18,0.35,Fitness,Series D,269.0,United States,2022,7,July,2022-07
Vimeo,0,2022-07-18,0.06,Consumer,Post-IPO,450.0,United States,2022,7,July,2022-07
Bright Money,100,2022-07-15,0.5,Finance,Series A,31.0,India,2022,7,July,2022-07
Project44,63,2022-07-15,0.05,Logistics,Unknown,817.0,United States,2022,7,July,2022-07
Heroes,24,2022-07-15,0.2,Retail,Unknown,265.0,United Kingdom,2022,7,July,2022-07
Aspire,23,2022-07-15,,Marketing,Series A,27.0,United States,2022,7,July,2022-07
StyleSeat,0,2022-07-15,0.17,Consumer,Series C,40.0,United States,2022,7,July,2022-07
Zego,85,2022-07-14,0.17,Finance,Series C,202.0,United Kingdom,2022,7,July,2022-07
The Mom Project,54,2022-07-14,0.15,Hr,Series C,115.0,United States,2022,7,July,2022-07
Unstoppable Domains,42,2022-07-14,0.25,Crypto,Series B,7.0,United States,2022,7,July,2022-07
Kiavi,39,2022-07-14,0.07,Real Estate,Series E,240.0,United States,2022,7,July,2022-07
OpenSea,0,2022-07-14,0.2,Crypto,Series C,427.0,United States,2022,7,July,2022-07
Wave,300,2022-07-13,0.15,Finance,Series A,292.0,Senegal,2022,7,July,2022-07
Tonal,262,2022-07-13,0.35,Fitness,Series E,450.0,United States,2022,7,July,2022-07
Fabric,120,2022-07-13,0.4,Logistics,Series C,336.0,United States,2022,7,July,2022-07
Bryter,100,2022-07-13,0.3,Product,Series B,89.0,Germany,2022,7,July,2022-07
ChowNow,100,2022-07-13,0.2,Food,Series C,64.0,United States,2022,7,July,2022-07
Involves,70,2022-07-13,0.18,Retail,Unknown,23.0,Brazil,2022,7,July,2022-07
100 Thieves,12,2022-07-13,,Consumer,Series C,120.0,United States,2022,7,July,2022-07
Nuro,7,2022-07-13,,Transportation,Series D,2100.0,United States,2022,7,July,2022-07
Arrival,0,2022-07-13,0.3,Transportation,Post-IPO,629.0,United Kingdom,2022,7,July,2022-07
Papa,0,2022-07-13,0.15,Other,Series D,241.0,United States,2022,7,July,2022-07
Gopuff,1500,2022-07-12,0.1,Food,Series H,3400.0,United States,2022,7,July,2022-07
Fraazo,150,2022-07-12,,Food,Series B,63.0,India,2022,7,July,2022-07
Babylon,100,2022-07-12,,Healthcare,Post-IPO,1100.0,United Kingdom,2022,7,July,2022-07
Hubilo,45,2022-07-12,0.12,Marketing,Series B,153.0,United States,2022,7,July,2022-07
Airlift,0,2022-07-12,1.0,Logistics,Series B,109.0,Pakistan,2022,7,July,2022-07
Hopin,242,2022-07-11,0.29,Other,Series D,1000.0,United Kingdom,2022,7,July,2022-07
Alice,63,2022-07-11,,Healthcare,Series C,174.0,Brazil,2022,7,July,2022-07
SundaySky,24,2022-07-11,0.13,Marketing,Series D,74.0,United States,2022,7,July,2022-07
Forward,0,2022-07-11,0.05,Healthcare,Series D,225.0,United States,2022,7,July,2022-07
Ignite,0,2022-07-11,0.5,Crypto,Series A,9.0,United States,2022,7,July,2022-07
PuduTech,1500,2022-07-08,,Other,Series C,184.0,China,2022,7,July,2022-07
Butler Hospitality,1000,2022-07-08,1.0,Food,Series B,50.0,United States,2022,7,July,2022-07
Calibrate,156,2022-07-08,0.24,Healthcare,Series B,127.0,United States,2022,7,July,2022-07
NextRoll,0,2022-07-08,0.03,Marketing,Unknown,108.0,United States,2022,7,July,2022-07
Argo AI,150,2022-07-07,0.05,Transportation,Unknown,3600.0,United States,2022,7,July,2022-07
Next Insurance,150,2022-07-07,0.17,Finance,Series E,881.0,United States,2022,7,July,2022-07
Adwerx,40,2022-07-07,,Marketing,Unknown,20.0,United States,2022,7,July,2022-07
Emotive,30,2022-07-07,0.18,Marketing,Series B,78.0,United States,2022,7,July,2022-07
Cedar,0,2022-07-07,0.24,Healthcare,Series D,351.0,United States,2022,7,July,2022-07
Remote,100,2022-07-06,0.09,Hr,Series C,496.0,United States,2022,7,July,2022-07
Shopify,50,2022-07-06,,Retail,Post-IPO,122.0,Canada,2022,7,July,2022-07
Anodot,35,2022-07-06,0.27,Data,Series C,64.0,Israel,2022,7,July,2022-07
SQream,30,2022-07-06,0.18,Data,Series B,77.0,United States,2022,7,July,2022-07
Anodot,15,2022-07-06,0.2,Data,Series C,64.0,Israel,2022,7,July,2022-07
Loft,384,2022-07-05,0.12,Real Estate,Unknown,788.0,Brazil,2022,7,July,2022-07
Bizzabo,120,2022-07-05,0.3,Marketing,Series E,194.0,United States,2022,7,July,2022-07
eToro,100,2022-07-05,0.06,Finance,Unknown,322.0,Israel,2022,7,July,2022-07
Verbit,80,2022-07-05,0.1,Data,Series E,569.0,United States,2022,7,July,2022-07
Outschool,31,2022-07-05,0.18,Education,Series D,240.0,United States,2022,7,July,2022-07
Bullish,30,2022-07-05,0.08,Crypto,Unknown,300.0,Hong Kong,2022,7,July,2022-07
Transmit Security,27,2022-07-05,0.07,Security,Series A,583.0,United States,2022,7,July,2022-07
Thimble,20,2022-07-05,0.33,Finance,Series A,28.0,United States,2022,7,July,2022-07
Syte,13,2022-07-05,0.08,Retail,Series C,71.0,Israel,2022,7,July,2022-07
Lightricks,80,2022-07-04,0.12,Consumer,Series D,335.0,Israel,2022,7,July,2022-07
Chessable,29,2022-07-04,,Consumer,Acquired,0.0,United Kingdom,2022,7,July,2022-07
Sendle,27,2022-07-04,0.12,Logistics,Series C,69.0,Australia,2022,7,July,2022-07
Lendis,18,2022-07-04,0.15,Other,Series A,90.0,Germany,2022,7,July,2022-07
Gorillas,540,2022-07-03,,Food,Series C,1300.0,Germany,2022,7,July,2022-07
Celsius,150,2022-07-03,0.25,Crypto,Series B,864.0,United States,2022,7,July,2022-07
Zepto,0,2022-07-02,0.1,Finance,Series A,25.0,Australia,2022,7,July,2022-07
WanderJaunt,85,2022-07-01,1.0,Travel,Series B,26.0,United States,2022,7,July,2022-07
Canoo,58,2022-07-01,0.06,Transportation,Post-IPO,300.0,United States,2022,7,July,2022-07
Bamboo Health,52,2022-07-01,,Healthcare,Unknown,0.0,United States,2022,7,July,2022-07
Teleport,15,2022-07-01,0.06,Infrastructure,Series C,169.0,United States,2022,7,July,2022-07
Enjoy,400,2022-06-30,0.18,Retail,Post-IPO,310.0,United States,2022,6,June,2022-06
Crejo.Fun,170,2022-06-30,1.0,Education,Seed,3.0,India,2022,6,June,2022-06
Stash Financial,40,2022-06-30,0.08,Finance,Unknown,480.0,United States,2022,6,June,2022-06
Nate,30,2022-06-30,0.2,Retail,Series A,47.0,United States,2022,6,June,2022-06
Snyk,30,2022-06-30,,Security,Series F,849.0,United States,2022,6,June,2022-06
Stream,20,2022-06-30,0.12,Product,Series B,58.0,United States,2022,6,June,2022-06
Finleap Connect,14,2022-06-30,0.1,Finance,Series A,22.0,Germany,2022,6,June,2022-06
Abra,12,2022-06-30,0.05,Crypto,Series C,106.0,United States,2022,6,June,2022-06
Gavelytics,0,2022-06-30,1.0,Legal,Seed,5.0,United States,2022,6,June,2022-06
Sundae,0,2022-06-30,0.15,Real Estate,Series C,135.0,United States,2022,6,June,2022-06
Toppr,350,2022-06-29,,Education,Acquired,112.0,India,2022,6,June,2022-06
Unity,200,2022-06-29,0.04,Other,Post-IPO,1300.0,United States,2022,6,June,2022-06
Niantic,85,2022-06-29,0.08,Consumer,Series D,770.0,United States,2022,6,June,2022-06
AvantStay,80,2022-06-29,,Travel,Unknown,811.0,United States,2022,6,June,2022-06
Qumulo,80,2022-06-29,0.19,Data,Series E,347.0,United States,2022,6,June,2022-06
Clutch,76,2022-06-29,0.22,Transportation,Series B,153.0,Canada,2022,6,June,2022-06
Parallel Wireless,60,2022-06-29,,Infrastructure,Unknown,8.0,United States,2022,6,June,2022-06
Oye Rickshaw,40,2022-06-29,0.2,Transportation,Unknown,13.0,India,2022,6,June,2022-06
Rows,18,2022-06-29,0.3,Other,Series B,25.0,Germany,2022,6,June,2022-06
Baton,16,2022-06-29,0.25,Transportation,Series A,13.0,United States,2022,6,June,2022-06
Substack,13,2022-06-29,0.14,Media,Series B,82.0,United States,2022,6,June,2022-06
Degreed,0,2022-06-29,0.15,Education,Series D,411.0,United States,2022,6,June,2022-06
HomeLight,0,2022-06-29,0.19,Real Estate,Series D,743.0,United States,2022,6,June,2022-06
Volt Bank,0,2022-06-29,1.0,Finance,Series E,90.0,Australia,2022,6,June,2022-06
Huobi,300,2022-06-28,0.3,Crypto,Unknown,2.0,China,2022,6,June,2022-06
WhiteHat Jr,300,2022-06-28,,Education,Acquired,11.0,India,2022,6,June,2022-06
StockX,120,2022-06-28,0.08,Retail,Series E,690.0,United States,2022,6,June,2022-06
Sidecar Health,110,2022-06-28,0.4,Healthcare,Series C,163.0,United States,2022,6,June,2022-06
StockX,80,2022-06-28,,Retail,Series E,690.0,United States,2022,6,June,2022-06
Vezeeta,50,2022-06-28,0.1,Healthcare,Series D,71.0,United Arab Emirates,2022,6,June,2022-06
Bright Machines,30,2022-06-28,0.08,Data,Unknown,250.0,Israel,2022,6,June,2022-06
HealthMatch,18,2022-06-28,0.5,Healthcare,Series B,20.0,Australia,2022,6,June,2022-06
Nova Benefits,0,2022-06-28,0.3,Healthcare,Series B,41.0,India,2022,6,June,2022-06
Una Brands,0,2022-06-28,0.1,Retail,Series A,55.0,Singapore,2022,6,June,2022-06
AppLovin,300,2022-06-27,0.12,Marketing,Post-IPO,1600.0,United States,2022,6,June,2022-06
UiPath,210,2022-06-27,0.05,Data,Post-IPO,2000.0,United States,2022,6,June,2022-06
Udaan,180,2022-06-27,0.04,Retail,Unknown,1500.0,India,2022,6,June,2022-06
Cue,170,2022-06-27,,Healthcare,Post-IPO,999.0,United States,2022,6,June,2022-06
Banxa,70,2022-06-27,0.3,Crypto,Post-IPO,13.0,Australia,2022,6,June,2022-06
SafeGraph,27,2022-06-27,0.25,Data,Series B,61.0,United States,2022,6,June,2022-06
Amount,0,2022-06-27,0.18,Finance,Unknown,283.0,United States,2022,6,June,2022-06
Postscript,43,2022-06-26,,Marketing,Series C,106.0,United States,2022,6,June,2022-06
Bitpanda,270,2022-06-24,0.27,Crypto,Series C,546.0,Austria,2022,6,June,2022-06
Sunday,90,2022-06-24,0.23,Finance,Series A,124.0,United States,2022,6,June,2022-06
Bestow,41,2022-06-24,0.14,Finance,Series C,137.0,United States,2022,6,June,2022-06
Ethos Life,40,2022-06-24,0.12,Finance,Series D,406.0,United States,2022,6,June,2022-06
Netflix,300,2022-06-23,0.03,Media,Post-IPO,121900.0,United States,2022,6,June,2022-06
Aura,70,2022-06-23,0.09,Security,Series F,500.0,United States,2022,6,June,2022-06
Pipl,22,2022-06-23,0.13,Security,Unknown,19.0,United States,2022,6,June,2022-06
Vouch,15,2022-06-23,0.07,Finance,Series C,159.0,United States,2022,6,June,2022-06
Voyage SMS,8,2022-06-23,0.13,Marketing,Unknown,10.0,United States,2022,6,June,2022-06
Esper,0,2022-06-23,0.12,Other,Series A,10.0,United States,2022,6,June,2022-06
Kune,0,2022-06-23,1.0,Food,Seed,1.0,Kenya,2022,6,June,2022-06
Orchard,0,2022-06-23,0.1,Real Estate,Series D,472.0,United States,2022,6,June,2022-06
Ro,0,2022-06-23,0.18,Healthcare,Unknown,1000.0,United States,2022,6,June,2022-06
StreamElements,0,2022-06-23,0.2,Media,Series B,111.0,Israel,2022,6,June,2022-06
MasterClass,120,2022-06-22,0.2,Education,Series E,461.0,United States,2022,6,June,2022-06
IronNet,90,2022-06-22,0.35,Security,Post-IPO,410.0,United States,2022,6,June,2022-06
Bungalow,70,2022-06-22,,Real Estate,Series C,171.0,United States,2022,6,June,2022-06
IronNet,55,2022-06-22,0.17,Security,Post-IPO,410.0,United States,2022,6,June,2022-06
Sprinklr,50,2022-06-22,,Support,Post-IPO,429.0,United States,2022,6,June,2022-06
Superpedestrian,35,2022-06-22,0.07,Transportation,Series C,261.0,United States,2022,6,June,2022-06
Voi,35,2022-06-22,0.1,Transportation,Series D,515.0,Sweden,2022,6,June,2022-06
Balto,30,2022-06-22,,Sales,Series B,51.0,United States,2022,6,June,2022-06
Ritual,23,2022-06-22,0.16,Food,Series C,134.0,Canada,2022,6,June,2022-06
Voly,0,2022-06-22,0.5,Food,Seed,13.0,Australia,2022,6,June,2022-06
Ebanx,340,2022-06-21,0.2,Finance,Series B,460.0,Brazil,2022,6,June,2022-06
TaskUs,52,2022-06-21,0.0,Support,Post-IPO,279.0,United States,2022,6,June,2022-06
Community,40,2022-06-21,0.3,Marketing,Unknown,40.0,United States,2022,6,June,2022-06
Sourcegraph,24,2022-06-21,0.08,Product,Series D,248.0,United States,2022,6,June,2022-06
Frubana,0,2022-06-21,0.03,Food,Series C,202.0,Colombia,2022,6,June,2022-06
SuperLearn,0,2022-06-21,1.0,Education,Seed,0.0,India,2022,6,June,2022-06
Tray.io,0,2022-06-21,0.1,Data,Series C,109.0,United States,2022,6,June,2022-06
Bybit,600,2022-06-20,0.3,Crypto,Unknown,0.0,Singapore,2022,6,June,2022-06
SummerBio,101,2022-06-20,1.0,Healthcare,Unknown,7.0,United States,2022,6,June,2022-06
Trax,100,2022-06-20,0.12,Retail,Series E,1000.0,Singapore,2022,6,June,2022-06
Aqgromalin,80,2022-06-20,0.3,Food,Unknown,12.0,India,2022,6,June,2022-06
Bonsai,30,2022-06-20,0.55,Retail,Series A,27.0,Canada,2022,6,June,2022-06
Brighte,30,2022-06-20,0.15,Energy,Series C,145.0,Australia,2022,6,June,2022-06
Buzzer,0,2022-06-20,0.2,Media,Unknown,32.0,United States,2022,6,June,2022-06
CityMall,191,2022-06-19,0.3,Retail,Series C,112.0,India,2022,6,June,2022-06
BitOasis,9,2022-06-19,0.05,Crypto,Series B,30.0,United Arab Emirates,2022,6,June,2022-06
Unacademy,150,2022-06-18,0.03,Education,Series H,838.0,India,2022,6,June,2022-06
Bytedance,150,2022-06-17,,Consumer,Unknown,9400.0,China,2022,6,June,2022-06
Socure,69,2022-06-17,0.13,Finance,Series E,646.0,United States,2022,6,June,2022-06
Finite State,16,2022-06-17,0.2,Security,Series B,49.0,United States,2022,6,June,2022-06
JOKR,50,2022-06-16,0.05,Food,Series B,430.0,United States,2022,6,June,2022-06
Zumper,45,2022-06-16,0.15,Real Estate,Series D,178.0,United States,2022,6,June,2022-06
PharmEasy,40,2022-06-16,,Healthcare,Unknown,1600.0,India,2022,6,June,2022-06
Circulo Health,0,2022-06-16,0.5,Healthcare,Series A,50.0,United States,2022,6,June,2022-06
Swappie,250,2022-06-15,0.17,Retail,Series C,169.0,Finland,2022,6,June,2022-06
Wealthsimple,159,2022-06-15,0.13,Finance,Unknown,900.0,Canada,2022,6,June,2022-06
Weee!,150,2022-06-15,0.1,Food,Series E,863.0,United States,2022,6,June,2022-06
Notarize,110,2022-06-15,0.25,Legal,Series D,213.0,United States,2022,6,June,2022-06
Elementor,60,2022-06-15,0.15,Media,Unknown,65.0,Israel,2022,6,June,2022-06
Tonkean,23,2022-06-15,0.23,Other,Series B,83.0,United States,2022,6,June,2022-06
Airtame,15,2022-06-15,,Consumer,Unknown,7.0,Denmark,2022,6,June,2022-06
OpenWeb,14,2022-06-15,0.05,Media,Series E,223.0,Israel,2022,6,June,2022-06
Swyft,10,2022-06-15,0.3,Logistics,Series A,20.0,Canada,2022,6,June,2022-06
JetClosing,0,2022-06-15,1.0,Real Estate,Series B,44.0,United States,2022,6,June,2022-06
Coinbase,1100,2022-06-14,0.18,Crypto,Post-IPO,549.0,United States,2022,6,June,2022-06
Redfin,470,2022-06-14,0.08,Real Estate,Post-IPO,319.0,United States,2022,6,June,2022-06
Compass,450,2022-06-14,0.1,Real Estate,Post-IPO,1600.0,United States,2022,6,June,2022-06
Sami,75,2022-06-14,0.15,Healthcare,Unknown,36.0,Brazil,2022,6,June,2022-06
Breathe,50,2022-06-14,0.33,Healthcare,Series A,6.0,India,2022,6,June,2022-06
Hunty,30,2022-06-14,,Hr,Seed,6.0,Colombia,2022,6,June,2022-06
TIFIN,24,2022-06-14,0.1,Crypto,Series D,204.0,United States,2022,6,June,2022-06
BlockFi,250,2022-06-13,0.2,Crypto,Series E,1000.0,United States,2022,6,June,2022-06
Wave Sports and Entertainment,56,2022-06-13,0.33,Media,Series B,65.0,United States,2022,6,June,2022-06
Studio,33,2022-06-13,0.4,Education,Series B,50.0,United States,2022,6,June,2022-06
Desktop Metal,0,2022-06-13,0.12,Other,Post-IPO,811.0,United States,2022,6,June,2022-06
Crypto.com,260,2022-06-10,0.05,Crypto,Unknown,156.0,Singapore,2022,6,June,2022-06
FarEye,250,2022-06-10,0.3,Logistics,Series E,150.0,India,2022,6,June,2022-06
Berlin Brands Group,100,2022-06-10,0.1,Retail,Unknown,1000.0,Germany,2022,6,June,2022-06
Sanar,60,2022-06-10,0.2,Healthcare,Unknown,11.0,Brazil,2022,6,June,2022-06
Freetrade,45,2022-06-10,0.15,Finance,Unknown,133.0,United Kingdom,2022,6,June,2022-06
Albert,20,2022-06-10,0.08,Finance,Series C,175.0,United States,2022,6,June,2022-06
Ziroom,0,2022-06-10,0.2,Real Estate,Unknown,2100.0,China,2022,6,June,2022-06
OneTrust,950,2022-06-09,0.25,Security,Series C,926.0,United States,2022,6,June,2022-06
Stitch Fix,330,2022-06-09,0.15,Retail,Post-IPO,79.0,United States,2022,6,June,2022-06
Daniel Wellington,200,2022-06-09,0.15,Retail,Unknown,0.0,Sweden,2022,6,June,2022-06
Convoy,90,2022-06-09,0.07,Logistics,Series E,1100.0,United States,2022,6,June,2022-06
Hologram,80,2022-06-09,0.4,Infrastructure,Series B,82.0,United States,2022,6,June,2022-06
Boozt,70,2022-06-09,0.05,Retail,Post-IPO,56.0,Sweden,2022,6,June,2022-06
The Grommet,40,2022-06-09,1.0,Retail,Acquired,5.0,United States,2022,6,June,2022-06
Stashaway,31,2022-06-09,0.14,Finance,Series D,61.0,Singapore,2022,6,June,2022-06
Preply,26,2022-06-09,0.05,Education,Series C,100.0,United States,2022,6,June,2022-06
Jellysmack,0,2022-06-09,0.08,Media,Series C,22.0,United States,2022,6,June,2022-06
Starship,0,2022-06-09,0.11,Transportation,Series B,197.0,United States,2022,6,June,2022-06
Sonder,250,2022-06-08,0.21,Travel,Post-IPO,839.0,United States,2022,6,June,2022-06
Kavak,150,2022-06-08,,Transportation,Series E,1600.0,Brazil,2022,6,June,2022-06
Truepill,150,2022-06-08,0.15,Healthcare,Series D,255.0,United States,2022,6,June,2022-06
iPrice Group,50,2022-06-08,0.2,Retail,Unknown,26.0,Malaysia,2022,6,June,2022-06
Memmo,0,2022-06-08,0.4,Consumer,Unknown,24.0,Sweden,2022,6,June,2022-06
Cazoo,750,2022-06-07,0.15,Transportation,Post-IPO,2000.0,United Kingdom,2022,6,June,2022-06
Cazoo,750,2022-06-07,0.15,Transportation,Post-IPO,2000.0,United Kingdom,2022,6,June,2022-06
Rupeek,180,2022-06-07,0.15,Finance,Unknown,172.0,India,2022,6,June,2022-06
Lummo,150,2022-06-07,,Marketing,Series C,149.0,Indonesia,2022,6,June,2022-06
Bird,138,2022-06-07,0.23,Transportation,Post-IPO,783.0,United States,2022,6,June,2022-06
ID.me,130,2022-06-07,,Security,Unknown,275.0,United States,2022,6,June,2022-06
KiwiCo,40,2022-06-07,,Retail,Unknown,11.0,United States,2022,6,June,2022-06
Propzy,0,2022-06-07,0.5,Real Estate,Series A,33.0,Vietnam,2022,6,June,2022-06
Clearco,60,2022-06-06,,Finance,Series C,681.0,Canada,2022,6,June,2022-06
Dutchie,50,2022-06-06,0.07,Other,Series D,603.0,United States,2022,6,June,2022-06
Deep Instinct,0,2022-06-06,0.1,Security,Series D,259.0,United States,2022,6,June,2022-06
Sendoso,0,2022-06-06,0.14,Marketing,Series C,152.0,United States,2022,6,June,2022-06
Eruditus,40,2022-06-04,,Education,Series E,1200.0,India,2022,6,June,2022-06
Afterverse,60,2022-06-03,0.2,Consumer,Unknown,0.0,Brazil,2022,6,June,2022-06
Superhuman,23,2022-06-03,0.22,Consumer,Series C,108.0,United States,2022,6,June,2022-06
Food52,21,2022-06-03,0.15,Food,Acquired,176.0,United States,2022,6,June,2022-06
5B Solar,0,2022-06-03,0.25,Energy,Series A,12.0,Australia,2022,6,June,2022-06
Tesla,0,2022-06-03,0.1,Transportation,Post-IPO,20200.0,United States,2022,6,June,2022-06
Carbon Health,250,2022-06-02,0.08,Healthcare,Series D,522.0,United States,2022,6,June,2022-06
Favo,170,2022-06-02,,Food,Series A,31.0,Brazil,2022,6,June,2022-06
PolicyGenius,170,2022-06-02,0.25,Finance,Series E,286.0,United States,2022,6,June,2022-06
Yojak,140,2022-06-02,0.5,Construction,Seed,3.0,India,2022,6,June,2022-06
Envato,100,2022-06-02,,Marketing,Unknown,0.0,Australia,2022,6,June,2022-06
Gemini,100,2022-06-02,0.1,Crypto,Unknown,423.0,United States,2022,6,June,2022-06
Stord,59,2022-06-02,0.08,Logistics,Series D,325.0,United States,2022,6,June,2022-06
Gather,30,2022-06-02,0.33,Consumer,Series B,76.0,United States,2022,6,June,2022-06
Shef,29,2022-06-02,,Food,Series A,28.0,United States,2022,6,June,2022-06
IRL,25,2022-06-02,0.25,Consumer,Series C,197.0,United States,2022,6,June,2022-06
Kaodim,0,2022-06-02,1.0,Consumer,Series B,17.0,Malaysia,2022,6,June,2022-06
TomTom,500,2022-06-01,0.1,Transportation,Post-IPO,0.0,Netherlands,2022,6,June,2022-06
Cybereason,100,2022-06-01,0.06,Security,Series F,750.0,United States,2022,6,June,2022-06
Udayy,100,2022-06-01,1.0,Education,Seed,2.0,India,2022,6,June,2022-06
2TM,90,2022-06-01,0.12,Crypto,Unknown,250.0,Brazil,2022,6,June,2022-06
Curve,65,2022-06-01,0.1,Finance,Series C,182.0,United Kingdom,2022,6,June,2022-06
Loom,34,2022-06-01,0.14,Product,Series C,203.0,United States,2022,6,June,2022-06
Skillshare,31,2022-06-01,,Education,Unknown,136.0,United States,2022,6,June,2022-06
Impala,30,2022-06-01,0.35,Travel,Series B,32.0,United Kingdom,2022,6,June,2022-06
Eaze,25,2022-06-01,,Consumer,Series D,202.0,United States,2022,6,June,2022-06
Side,0,2022-06-01,0.1,Real Estate,Unknown,313.0,United States,2022,6,June,2022-06
Truck It In,0,2022-06-01,0.3,Logistics,Seed,17.0,Pakistan,2022,6,June,2022-06
Playtika,250,2022-05-31,0.06,Consumer,Post-IPO,0.0,Israel,2022,5,May,2022-05
Replicated,50,2022-05-31,,Infrastructure,Series C,85.0,United States,2022,5,May,2022-05
Tomo,44,2022-05-31,0.33,Finance,Series A,110.0,United States,2022,5,May,2022-05
Getta,30,2022-05-31,,Transportation,Series A,49.0,Israel,2022,5,May,2022-05
BookClub,12,2022-05-31,0.25,Education,Series A,26.0,United States,2022,5,May,2022-05
SWVL,400,2022-05-30,0.32,Transportation,Post-IPO,132.0,United Arab Emirates,2022,5,May,2022-05
Mobile Premier League,100,2022-05-30,0.1,Consumer,Series E,375.0,India,2022,5,May,2022-05
SumUp,100,2022-05-30,0.03,Finance,Unknown,50.0,Brazil,2022,5,May,2022-05
FrontRow,145,2022-05-27,0.3,Education,Series A,17.0,India,2022,5,May,2022-05
Daloopa,40,2022-05-27,,Data,Series A,23.0,India,2022,5,May,2022-05
Uncapped,29,2022-05-27,0.26,Finance,Unknown,118.0,United Kingdom,2022,5,May,2022-05
VTEX,200,2022-05-26,0.13,Retail,Post-IPO,365.0,Brazil,2022,5,May,2022-05
Bitso,80,2022-05-26,0.11,Crypto,Series C,378.0,Mexico,2022,5,May,2022-05
Foodpanda,80,2022-05-26,,Food,Acquired,749.0,Romania,2022,5,May,2022-05
Dazn,50,2022-05-26,0.02,Consumer,Unknown,0.0,United Kingdom,2022,5,May,2022-05
Lacework,300,2022-05-25,0.2,Security,Series D,1900.0,United States,2022,5,May,2022-05
Bolt,240,2022-05-25,0.27,Finance,Series E,1300.0,United States,2022,5,May,2022-05
PeerStreet,75,2022-05-25,,Finance,Series C,121.0,United States,2022,5,May,2022-05
Kontist,50,2022-05-25,0.25,Finance,Series B,53.0,Germany,2022,5,May,2022-05
Nuri,45,2022-05-25,0.2,Finance,Series B,42.0,Germany,2022,5,May,2022-05
Coterie Insurance,30,2022-05-25,0.2,Finance,Series B,70.0,United States,2022,5,May,2022-05
Airlift,0,2022-05-25,0.31,Logistics,Series B,109.0,Pakistan,2022,5,May,2022-05
Getir,0,2022-05-25,0.14,Food,Series E,1800.0,Turkey,2022,5,May,2022-05
Zapp,0,2022-05-25,0.1,Food,,300.0,United Kingdom,2022,5,May,2022-05
Gorillas,300,2022-05-24,0.5,Food,Series C,1300.0,Germany,2022,5,May,2022-05
Zenius,200,2022-05-24,,Education,Series B,20.0,Indonesia,2022,5,May,2022-05
The Zebra,40,2022-05-24,,Finance,Series D,256.0,United States,2022,5,May,2022-05
Klarna,700,2022-05-23,0.1,Finance,Unknown,3700.0,Sweden,2022,5,May,2022-05
PayPal,83,2022-05-23,,Finance,Post-IPO,216.0,United States,2022,5,May,2022-05
Buenbit,80,2022-05-23,0.45,Crypto,Series A,11.0,Argentina,2022,5,May,2022-05
BeyondMinds,65,2022-05-23,1.0,Data,Series A,16.0,Israel,2022,5,May,2022-05
ClickUp,60,2022-05-23,0.07,Other,Series C,537.0,United States,2022,5,May,2022-05
Airtime,30,2022-05-23,0.2,Consumer,Series B,33.0,United States,2022,5,May,2022-05
MFine,600,2022-05-21,0.75,Healthcare,Series C,97.0,India,2022,5,May,2022-05
Latch,130,2022-05-20,0.28,Security,Post-IPO,342.0,United States,2022,5,May,2022-05
Outside,87,2022-05-20,0.15,Media,Series B,174.0,United States,2022,5,May,2022-05
Skillz,70,2022-05-20,0.1,Consumer,Post-IPO,287.0,United States,2022,5,May,2022-05
Cars24,600,2022-05-19,0.06,Transportation,Series G,1300.0,India,2022,5,May,2022-05
Vedantu,424,2022-05-18,0.07,Education,Series E,292.0,India,2022,5,May,2022-05
Netflix,150,2022-05-17,0.01,Media,Post-IPO,121900.0,United States,2022,5,May,2022-05
Kry,100,2022-05-17,0.1,Healthcare,Series D,568.0,Sweden,2022,5,May,2022-05
Picsart,90,2022-05-17,0.08,Consumer,Series C,195.0,United States,2022,5,May,2022-05
Zak,100,2022-05-16,0.4,Food,Series A,29.0,Brazil,2022,5,May,2022-05
AliExpress Russia,400,2022-05-14,0.4,Retail,Acquired,60.0,Russia,2022,5,May,2022-05
Thirty Madison,24,2022-05-14,,Healthcare,Acquired,209.0,United States,2022,5,May,2022-05
CommonBond,22,2022-05-13,,Finance,Series D,130.0,United States,2022,5,May,2022-05
Subspace,0,2022-05-13,1.0,Infrastructure,Series B,0.0,United States,2022,5,May,2022-05
Zwift,150,2022-05-12,,Fitness,Series C,619.0,United States,2022,5,May,2022-05
Section4,32,2022-05-12,,Education,Series A,37.0,United States,2022,5,May,2022-05
DataRobot,70,2022-05-11,0.07,Data,Series G,1000.0,United States,2022,5,May,2022-05
Carvana,2500,2022-05-10,0.12,Transportation,Post-IPO,1600.0,United States,2022,5,May,2022-05
Doma,310,2022-05-10,0.15,Finance,Post-IPO,679.0,United States,2022,5,May,2022-05
Pollen,200,2022-05-10,0.33,Travel,Series C,238.0,United Kingdom,2022,5,May,2022-05
Latch,30,2022-05-10,0.06,Security,Post-IPO,342.0,United States,2022,5,May,2022-05
Meero,350,2022-05-09,0.5,Other,Series C,293.0,France,2022,5,May,2022-05
Vroom,270,2022-05-09,0.14,Transportation,Post-IPO,1300.0,United States,2022,5,May,2022-05
Reef,750,2022-05-06,0.05,Transportation,Unknown,1500.0,United States,2022,5,May,2022-05
divvyDOSE,62,2022-05-06,,Healthcare,Acquired,0.0,United States,2022,5,May,2022-05
Vedantu,200,2022-05-05,0.03,Education,Series E,292.0,India,2022,5,May,2022-05
Progrexion,100,2022-05-05,,Finance,Acquired,202.0,United States,2022,5,May,2022-05
Mural,90,2022-05-05,0.1,Product,Series C,192.0,United States,2022,5,May,2022-05
On Deck,72,2022-05-05,0.25,Education,Series A,20.0,United States,2022,5,May,2022-05
SEND,300,2022-05-04,1.0,Food,Seed,3.0,Australia,2022,5,May,2022-05
Colossus,97,2022-05-04,,Energy,Series A,41.0,United States,2022,5,May,2022-05
Cameo,87,2022-05-04,0.25,Consumer,Unknown,165.0,United States,2022,5,May,2022-05
Mainstreet,45,2022-05-04,0.3,Finance,Series A,64.0,United States,2022,5,May,2022-05
Ideoclick,40,2022-05-04,,Retail,Series A,7.0,United States,2022,5,May,2022-05
Vise,25,2022-05-04,,Finance,Series C,128.0,United States,2022,5,May,2022-05
Bizpay,0,2022-05-04,0.3,Finance,Unknown,45.0,Australia,2022,5,May,2022-05
Avo,500,2022-05-01,0.67,Food,Series B,45.0,Israel,2022,5,May,2022-05
Noom,495,2022-04-29,,Healthcare,Series F,657.0,United States,2022,4,April,2022-04
Domestika,150,2022-04-28,0.19,Education,Series D,130.0,United States,2022,4,April,2022-04
Netflix,25,2022-04-28,,Media,Post-IPO,121900.0,United States,2022,4,April,2022-04
Wahoo Fitness,50,2022-04-27,,Fitness,Unknown,0.0,United States,2022,4,April,2022-04
Robinhood,340,2022-04-26,0.09,Finance,Post-IPO,5600.0,United States,2022,4,April,2022-04
Bonsai,29,2022-04-26,0.34,Retail,Series A,27.0,Canada,2022,4,April,2022-04
Sigfox,64,2022-04-25,,Other,Acquired,277.0,France,2022,4,April,2022-04
Clyde,22,2022-04-25,,Marketing,Series B,58.0,United States,2022,4,April,2022-04
Xiaohongshu,180,2022-04-21,0.09,Consumer,Series E,917.0,China,2022,4,April,2022-04
Facily,260,2022-04-20,0.3,Retail,Series D,502.0,Brazil,2022,4,April,2022-04
Lemonade,52,2022-04-20,,Finance,Post-IPO,481.0,United States,2022,4,April,2022-04
Blend,200,2022-04-19,0.1,Finance,Post-IPO,665.0,United States,2022,4,April,2022-04
QuintoAndar,160,2022-04-19,0.04,Real Estate,Series E,755.0,Brazil,2022,4,April,2022-04
Loft,159,2022-04-19,,Real Estate,Unknown,788.0,Brazil,2022,4,April,2022-04
Automox,0,2022-04-18,0.11,Infrastructure,Series C,152.0,United States,2022,4,April,2022-04
Humble,10,2022-04-15,,Media,Acquired,4.0,United States,2022,4,April,2022-04
Halcyon Health,0,2022-04-15,1.0,Healthcare,Unknown,2.0,United States,2022,4,April,2022-04
Ahead,44,2022-04-14,1.0,Healthcare,Unknown,9.0,United States,2022,4,April,2022-04
Rad Power Bikes,100,2022-04-12,0.14,Transportation,Series D,329.0,United States,2022,4,April,2022-04
Meesho,150,2022-04-11,,Retail,Series F,1100.0,India,2022,4,April,2022-04
Food52,20,2022-04-08,0.1,Food,Acquired,176.0,United States,2022,4,April,2022-04
Unacademy,1000,2022-04-07,0.17,Education,Series H,838.0,India,2022,4,April,2022-04
Goodfood,70,2022-04-07,,Food,Post-IPO,16.0,Canada,2022,4,April,2022-04
Workrise,450,2022-04-05,,Energy,Series E,752.0,United States,2022,4,April,2022-04
Fast,0,2022-04-05,1.0,Finance,Series B,124.0,United States,2022,4,April,2022-04
BitMEX,75,2022-04-04,0.25,Crypto,Seed,0.0,Seychelles,2022,4,April,2022-04
Legible,23,2022-04-04,0.38,Media,Post-IPO,3.0,Canada,2022,4,April,2022-04
Lightico,20,2022-03-31,,Finance,Series B,42.0,Israel,2022,3,March,2022-03
Sea,350,2022-03-30,,Retail,Post-IPO,8600.0,India,2022,3,March,2022-03
Rasa,59,2022-03-30,0.4,Data,Series B,40.0,Germany,2022,3,March,2022-03
Gopuff,450,2022-03-29,0.03,Food,Series H,3400.0,United States,2022,3,March,2022-03
Thinkific,100,2022-03-29,0.2,Education,Post-IPO,22.0,Canada,2022,3,March,2022-03
Furlenco,180,2022-03-26,,Retail,Series D,228.0,India,2022,3,March,2022-03
Grove Collaborative,0,2022-03-19,0.17,Retail,Series E,474.0,United States,2022,3,March,2022-03
Storytel,100,2022-03-17,0.1,Media,Post-IPO,275.0,Sweden,2022,3,March,2022-03
Curology,150,2022-03-16,,Healthcare,Series D,19.0,United States,2022,3,March,2022-03
Trell,300,2022-03-15,0.5,Retail,Series B,62.0,India,2022,3,March,2022-03
Knock,115,2022-03-15,0.46,Real Estate,Unknown,654.0,United States,2022,3,March,2022-03
Talis Biomedical,0,2022-03-15,0.25,Healthcare,Post-IPO,8.0,United States,2022,3,March,2022-03
Sezzle,0,2022-03-10,0.2,Finance,Post-IPO,301.0,United States,2022,3,March,2022-03
Better.com,3000,2022-03-08,0.33,Real Estate,Unknown,905.0,United States,2022,3,March,2022-03
Adaptive Biotechnologies,100,2022-03-08,0.12,Healthcare,Post-IPO,406.0,United States,2022,3,March,2022-03
Hyperscience,100,2022-03-03,0.25,Data,Series E,289.0,United States,2022,3,March,2022-03
WeDoctor,500,2022-03-02,,Healthcare,Series F,1400.0,China,2022,3,March,2022-03
Wish,190,2022-03-01,0.15,Retail,Post-IPO,1600.0,United States,2022,3,March,2022-03
OKCredit,30,2022-02-24,,Finance,Series B,85.0,India,2022,2,February,2022-02
Lido,150,2022-02-21,,Education,Series A,24.0,India,2022,2,February,2022-02
Virgin Hyperloop,111,2022-02-21,0.5,Transportation,Unknown,368.0,United States,2022,2,February,2022-02
Trustly,120,2022-02-17,,Finance,Acquired,28.0,Sweden,2022,2,February,2022-02
Liv Up,100,2022-02-16,0.15,Food,Series D,118.0,Brazil,2022,2,February,2022-02
Homie,119,2022-02-14,0.29,Real Estate,Series B,35.0,United States,2022,2,February,2022-02
Hopin,138,2022-02-10,0.12,Other,Series D,1000.0,United Kingdom,2022,2,February,2022-02
Daily Harvest,60,2022-02-10,0.2,Food,Series D,120.0,United States,2022,2,February,2022-02
Peloton,2800,2022-02-08,0.2,Fitness,Post-IPO,1900.0,United States,2022,2,February,2022-02
Rhino,57,2022-02-03,0.2,Real Estate,Unknown,133.0,United States,2022,2,February,2022-02
Gopuff,100,2022-01-26,,Food,Series H,3400.0,United States,2022,1,January,2022-01
Glossier,80,2022-01-26,0.33,Consumer,Series E,266.0,United States,2022,1,January,2022-01
Root Insurance,330,2022-01-20,,Finance,Post-IPO,527.0,United States,2022,1,January,2022-01
Protonn,0,2022-01-20,1.0,Other,Seed,9.0,India,2022,1,January,2022-01
Spin,0,2022-01-08,0.25,Transportation,Acquired,8.0,United States,2022,1,January,2022-01
Delivery Hero,300,2021-12-22,,Food,Post-IPO,8300.0,Germany,2021,12,December,2021-12
Better.com,900,2021-12-01,0.09,Real Estate,Unknown,905.0,United States,2021,12,December,2021-12
BitTitan,70,2021-11-18,0.27,Data,Acquired,46.0,United States,2021,11,November,2021-11
Zillow,2000,2021-11-02,0.25,Real Estate,Post-IPO,97.0,United States,2021,11,November,2021-11
InVision,22,2021-10-05,,Product,Unknown,356.0,United States,2021,10,October,2021-10
Ozy Media,0,2021-10-01,1.0,Media,Series C,70.0,United States,2021,10,October,2021-10
Zymergen,120,2021-09-23,,Other,Post-IPO,974.0,United States,2021,9,September,2021-09
Treehouse,41,2021-09-14,0.9,Education,Series B,12.0,United States,2021,9,September,2021-09
Tanium,30,2021-08-30,,Security,Unknown,1000.0,United States,2021,8,August,2021-08
Flockjay,37,2021-08-24,0.5,Education,Series A,14.0,United States,2021,8,August,2021-08
Bytedance,1800,2021-08-05,,Consumer,Unknown,9400.0,China,2021,8,August,2021-08
Pagarbook,80,2021-07-26,,Hr,Series A,17.0,India,2021,7,July,2021-07
Katerra,2434,2021-06-01,1.0,Construction,Unknown,1600.0,United States,2021,6,June,2021-06
Lambda School,65,2021-04-29,,Education,Series C,122.0,United States,2021,4,April,2021-04
Madefire,0,2021-04-29,1.0,Media,Series B,16.0,United States,2021,4,April,2021-04
Patreon,36,2021-04-26,,Media,Series D,165.0,United States,2021,4,April,2021-04
New Relic,160,2021-04-06,0.07,Infrastructure,Post-IPO,214.5,United States,2021,4,April,2021-04
HuffPo,47,2021-03-09,,Media,Acquired,37.0,United States,2021,3,March,2021-03
Ninjacart,200,2021-02-23,,Food,Unknown,194.0,India,2021,2,February,2021-02
Bounce,200,2021-02-22,0.4,Transportation,Series D,214.2,India,2021,2,February,2021-02
ThredUp,243,2021-02-09,,Retail,Series F,305.0,United States,2021,2,February,2021-02
Indigo,80,2021-02-09,,Other,Series F,1200.0,United States,2021,2,February,2021-02
Limelight,13,2021-02-04,1.0,Recruiting,Unknown,0.0,United States,2021,2,February,2021-02
Quandoo,87,2021-02-03,0.2,Food,Acquired,39.0,Germany,2021,2,February,2021-02
Hubba,45,2021-02-01,1.0,Retail,Series B,61.0,Canada,2021,2,February,2021-02
Bytedance,1800,2021-01-27,,Consumer,Unknown,7400.0,India,2021,1,January,2021-01
Privitar,20,2021-01-27,,Data,Series C,150.0,United Kingdom,2021,1,January,2021-01
Shutterfly,800,2021-01-25,,Retail,Acquired,50.0,United States,2021,1,January,2021-01
Postmates,180,2021-01-23,0.15,Food,Acquired,763.0,United States,2021,1,January,2021-01
Instacart,1877,2021-01-21,,Food,Unknown,2400.0,United States,2021,1,January,2021-01
Pocketmath,21,2021-01-20,1.0,Marketing,Unknown,20.0,Singapore,2021,1,January,2021-01
Dropbox,315,2021-01-13,0.15,Other,Post-IPO,1700.0,United States,2021,1,January,2021-01
Aura Financial,0,2021-01-11,1.0,Finance,Unknown,584.0,United States,2021,1,January,2021-01
Simple,0,2021-01-07,1.0,Finance,Acquired,15.0,United States,2021,1,January,2021-01
WhiteHat Jr,1800,2021-01-06,,Education,Acquired,11.0,India,2021,1,January,2021-01
Pulse Secure,78,2020-12-23,,Security,Acquired,0.0,United States,2020,12,December,2020-12
Breather,120,2020-12-16,0.8,Real Estate,Series D,131.0,Canada,2020,12,December,2020-12
Actifio,54,2020-12-16,,Data,Acquired,352.0,United States,2020,12,December,2020-12
OYO,600,2020-12-08,,Travel,Series F,3200.0,India,2020,12,December,2020-12
Aya,5,2020-11-19,0.25,Finance,Seed,3.0,Canada,2020,11,November,2020-11
Domio,0,2020-11-18,0.5,Real Estate,Series B,116.0,United States,2020,11,November,2020-11
Bridge Connector,154,2020-11-17,1.0,Healthcare,Series B,45.0,United States,2020,11,November,2020-11
Tidepool,18,2020-11-17,0.4,Healthcare,Unknown,0.0,United States,2020,11,November,2020-11
Worksmith,30,2020-11-09,0.5,Retail,Unknown,3.8,United States,2020,11,November,2020-11
Rubica,0,2020-11-05,1.0,Security,Series A,14.0,United States,2020,11,November,2020-11
Bossa Nova,0,2020-11-02,0.5,Retail,Unknown,101.6,United States,2020,11,November,2020-11
LivePerson,30,2020-11-01,,Support,Post-IPO,42.0,United States,2020,11,November,2020-11
Remedy,82,2020-10-29,,Healthcare,Series A,12.5,United States,2020,10,October,2020-10
Knotel,20,2020-10-29,0.08,Real Estate,Series C,560.0,United States,2020,10,October,2020-10
CodeCombat,8,2020-10-23,,Education,Series A,8.0,United States,2020,10,October,2020-10
Quibi,0,2020-10-21,1.0,Media,Private Equity,1800.0,United States,2020,10,October,2020-10
GetYourGuide,90,2020-10-14,0.17,Travel,Series E,656.0,Germany,2020,10,October,2020-10
OLX India,250,2020-10-10,,Marketing,Acquired,28.0,India,2020,10,October,2020-10
Alto Pharmacy,47,2020-09-29,0.06,Healthcare,Series D,356.0,United States,2020,9,September,2020-09
Air,0,2020-09-16,0.16,Marketing,Series A,18.0,United States,2020,9,September,2020-09
NS8,240,2020-09-11,0.95,Data,Series A,157.9,United States,2020,9,September,2020-09
Bleacher Report,20,2020-09-11,,Media,Acquired,40.5,United Kingdom,2020,9,September,2020-09
HubHaus,0,2020-09-11,1.0,Real Estate,Series A,13.4,United States,2020,9,September,2020-09
Waze,30,2020-09-09,0.054,Transportation,Acquired,67.0,United States,2020,9,September,2020-09
Ouster,0,2020-09-08,0.1,Transportation,Series B,132.0,United States,2020,9,September,2020-09
Awok,0,2020-09-02,1.0,Retail,Series A,30.0,United Arab Emirates,2020,9,September,2020-09
Big Fish Games,250,2020-09-01,,Media,Acquired,95.2,United States,2020,9,September,2020-09
GoBear,22,2020-09-01,0.11,Finance,Unknown,97.0,Singapore,2020,9,September,2020-09
MakeMyTrip,350,2020-08-31,0.1,Travel,Post-IPO,548.0,India,2020,8,August,2020-08
Salesforce,1000,2020-08-26,0.0185,Sales,Post-IPO,65.4,United States,2020,8,August,2020-08
Superloop,30,2020-08-24,,Infrastructure,Post-IPO,36.0,Australia,2020,8,August,2020-08
Docly,8,2020-08-19,0.8,Healthcare,Seed,15.5,United Kingdom,2020,8,August,2020-08
Lumina Networks,0,2020-08-18,1.0,Infrastructure,Series A,10.0,United States,2020,8,August,2020-08
Shopify,30,2020-08-14,,Retail,Post-IPO,122.3,Canada,2020,8,August,2020-08
Mozilla,250,2020-08-11,0.25,Consumer,Unknown,2.3,United States,2020,8,August,2020-08
Eatsy,20,2020-08-08,1.0,Food,Seed,0.9755,Singapore,2020,8,August,2020-08
Glossier,150,2020-08-07,0.38,Retail,Series D,186.4,United States,2020,8,August,2020-08
Thriver,75,2020-08-06,0.5,Food,Series B,53.0,Canada,2020,8,August,2020-08
Vesta,56,2020-08-05,,Sales,Unknown,20.0,United States,2020,8,August,2020-08
Booking.com,4375,2020-07-30,0.25,Travel,Acquired,0.0,Netherlands,2020,7,July,2020-07
Buy.com / Rakuten,87,2020-07-30,1.0,Retail,Acquired,42.4,United States,2020,7,July,2020-07
Procore,180,2020-07-28,0.09,Construction,Unknown,649.0,United States,2020,7,July,2020-07
Swiggy,350,2020-07-27,0.05,Food,Series I,1600.0,India,2020,7,July,2020-07
Zeitgold,75,2020-07-27,0.72,Finance,Series B,60.18,Germany,2020,7,July,2020-07
Checkr,64,2020-07-23,0.12,Hr,Series D,309.0,United States,2020,7,July,2020-07
Sorabel,0,2020-07-23,1.0,Retail,Series B,27.0,Indonesia,2020,7,July,2020-07
LinkedIn,960,2020-07-21,0.06,Recruiting,Acquired,154.0,United States,2020,7,July,2020-07
Lighter Capital,22,2020-07-20,0.49,Finance,Series B,15.0,United States,2020,7,July,2020-07
Curefit,120,2020-07-17,,Fitness,Series D,404.6,India,2020,7,July,2020-07
Optimizely,60,2020-07-15,0.15,Marketing,Series D,251.2,United States,2020,7,July,2020-07
Skyscanner,300,2020-07-14,0.2,Travel,Acquired,197.2,United Kingdom,2020,7,July,2020-07
Yelp,63,2020-07-13,,Consumer,Post-IPO,56.0,United States,2020,7,July,2020-07
Bizongo,140,2020-07-10,,Logistics,Series C,70.0,India,2020,7,July,2020-07
Zilingo,100,2020-07-09,0.12,Retail,Series D,307.0,Singapore,2020,7,July,2020-07
PaySense,40,2020-07-09,,Finance,Acquired,25.6,India,2020,7,July,2020-07
Funding Circle,85,2020-07-08,,Finance,Post-IPO,746.0,United States,2020,7,July,2020-07
The Wing,56,2020-07-01,,Real Estate,Series C,117.0,United States,2020,7,July,2020-07
Sharethrough,18,2020-07-01,,Marketing,Series D,38.0,United States,2020,7,July,2020-07
Kongregate,12,2020-07-01,,Media,Series C,19.0,United States,2020,7,July,2020-07
Havenly,5,2020-07-01,,Consumer,Series C,57.8,United States,2020,7,July,2020-07
G2,17,2020-06-30,0.05,Marketing,Series C,100.8,United States,2020,6,June,2020-06
Katerra,400,2020-06-29,0.07,Construction,Series E,1300.0,United States,2020,6,June,2020-06
Bounce,130,2020-06-29,0.22,Transportation,Series D,214.2,India,2020,6,June,2020-06
Argo AI,100,2020-06-29,,Transportation,Unknown,3600.0,Germany,2020,6,June,2020-06
Bossa Nova,61,2020-06-29,,Retail,Unknown,101.6,United States,2020,6,June,2020-06
New Relic,20,2020-06-29,,Infrastructure,Post-IPO,214.5,United States,2020,6,June,2020-06
Engine eCommerce,0,2020-06-28,1.0,Retail,Unknown,4.0,United States,2020,6,June,2020-06
GoDaddy,451,2020-06-24,0.06,Marketing,Post-IPO,0.0,United States,2020,6,June,2020-06
Sonos,174,2020-06-24,0.12,Consumer,Post-IPO,455.2,United States,2020,6,June,2020-06
Gojek,430,2020-06-23,0.09,Transportation,Series F,4800.0,Indonesia,2020,6,June,2020-06
ScaleFactor,90,2020-06-23,0.9,Finance,Series C,103.0,United States,2020,6,June,2020-06
Dark,6,2020-06-23,1.0,Product,Seed,3.0,United States,2020,6,June,2020-06
Intuit,715,2020-06-22,0.07,Finance,Post-IPO,18.0,United States,2020,6,June,2020-06
WeWork,200,2020-06-19,,Real Estate,Series H,19500.0,United Kingdom,2020,6,June,2020-06
Atlas Obscura,15,2020-06-18,,Media,Series B,32.0,United States,2020,6,June,2020-06
Navi,40,2020-06-17,0.25,Finance,Private Equity,582.0,India,2020,6,June,2020-06
PaisaBazaar,1500,2020-06-16,0.5,Finance,Series G,496.0,India,2020,6,June,2020-06
Grab,360,2020-06-16,0.05,Transportation,Series I,9900.0,Singapore,2020,6,June,2020-06
Splunk,70,2020-06-16,0.01,Data,Post-IPO,40.0,United States,2020,6,June,2020-06
Redox,44,2020-06-16,0.25,Healthcare,Series C,50.0,United States,2020,6,June,2020-06
Conga,0,2020-06-15,0.11,Data,Acquired,117.0,United States,2020,6,June,2020-06
Stockwell AI,0,2020-06-15,1.0,Retail,Series B,10.0,United States,2020,6,June,2020-06
Uber,225,2020-06-12,0.25,Transportation,Post-IPO,24700.0,Netherlands,2020,6,June,2020-06
SynapseFI,63,2020-06-12,0.48,Finance,Series B,50.0,United States,2020,6,June,2020-06
ScaleFocus,120,2020-06-11,0.1,Infrastructure,Unknown,0.0,Bulgaria,2020,6,June,2020-06
Branch,3,2020-06-11,0.27,Retail,Seed,2.0,United States,2020,6,June,2020-06
Her Campus Media,10,2020-06-10,0.18,Media,Unknown,0.0,United States,2020,6,June,2020-06
Integrate.ai,26,2020-06-09,,Support,Unknown,39.6,Canada,2020,6,June,2020-06
The Athletic,46,2020-06-05,0.08,Media,Series D,139.0,United States,2020,6,June,2020-06
Ethos Life,18,2020-06-05,0.14,Finance,Series C,106.0,United States,2020,6,June,2020-06
Lastline,50,2020-06-04,0.4,Security,Series C,52.0,United States,2020,6,June,2020-06
Builder,39,2020-06-04,0.14,Product,Series A,29.0,United States,2020,6,June,2020-06
Monzo,120,2020-06-03,0.08,Finance,Series F,324.0,United Kingdom,2020,6,June,2020-06
Kitty Hawk,70,2020-06-03,,Aerospace,Unknown,1.0,United States,2020,6,June,2020-06
SpotHero,40,2020-06-03,0.21,Transportation,Series D,117.0,United States,2020,6,June,2020-06
Credit Sesame,22,2020-06-03,0.14,Finance,Series F,120.0,United States,2020,6,June,2020-06
Circ,100,2020-06-02,,Transportation,Acquired,55.0,Germany,2020,6,June,2020-06
Rivian,40,2020-06-02,0.02,Transportation,Private Equity,3100.0,United States,2020,6,June,2020-06
Fundbox,14,2020-06-02,0.15,Finance,Series C,453.0,United States,2020,6,June,2020-06
Descartes Labs,12,2020-06-02,0.16,Data,Series B,58.0,United States,2020,6,June,2020-06
MakerBot,12,2020-06-02,,Consumer,Acquired,10.0,United States,2020,6,June,2020-06
Stitch Fix,1400,2020-06-01,0.18,Retail,Post-IPO,79.0,United States,2020,6,June,2020-06
MakeMyTrip,350,2020-06-01,0.1,Travel,Post-IPO,548.0,India,2020,6,June,2020-06
CrowdStreet,24,2020-06-01,0.22,Real Estate,Series C,24.0,United States,2020,6,June,2020-06
Brex,62,2020-05-29,0.15,Finance,Series C,732.0,United States,2020,5,May,2020-05
Loftium,32,2020-05-29,0.6,Real Estate,Series A,17.0,United States,2020,5,May,2020-05
BookMyShow,270,2020-05-28,0.18,Consumer,Unknown,224.0,India,2020,5,May,2020-05
TrueCar,219,2020-05-28,0.3,Transportation,Post-IPO,340.0,United States,2020,5,May,2020-05
StubHub,200,2020-05-28,,Consumer,Acquired,19.0,United States,2020,5,May,2020-05
Culture Amp,36,2020-05-28,0.08,Hr,Series E,157.0,Australia,2020,5,May,2020-05
The Sill,20,2020-05-28,0.25,Retail,Series A,7.0,United States,2020,5,May,2020-05
Instructure,150,2020-05-27,0.12,Education,Acquired,89.0,United States,2020,5,May,2020-05
Ebanx,62,2020-05-27,0.08,Finance,Unknown,30.0,Brazil,2020,5,May,2020-05
Uber,600,2020-05-26,0.23,Transportation,Post-IPO,24700.0,India,2020,5,May,2020-05
Bluprint,137,2020-05-26,1.0,Education,Acquired,108.0,United States,2020,5,May,2020-05
Acorns,50,2020-05-26,,Finance,Unknown,207.0,United States,2020,5,May,2020-05
CarDekho,200,2020-05-25,,Transportation,Series D,247.0,India,2020,5,May,2020-05
Teamwork,21,2020-05-22,,Other,Unknown,0.0,Ireland,2020,5,May,2020-05
Cvent,400,2020-05-21,0.1,Marketing,Acquired,146.0,United States,2020,5,May,2020-05
PickYourTrail,70,2020-05-21,0.35,Travel,Series A,3.0,India,2020,5,May,2020-05
Glitch,18,2020-05-21,0.36,Product,Series A,30.0,United States,2020,5,May,2020-05
Ola,1400,2020-05-20,0.35,Transportation,Series J,3800.0,India,2020,5,May,2020-05
Samsara,300,2020-05-20,0.18,Logistics,Series F,530.0,United States,2020,5,May,2020-05
Stay Alfred,221,2020-05-20,1.0,Travel,Series B,62.0,United States,2020,5,May,2020-05
SoFi,112,2020-05-20,0.07,Finance,Private Equity,2500.0,United States,2020,5,May,2020-05
ShareChat,101,2020-05-20,0.25,Marketing,Series D,222.0,India,2020,5,May,2020-05
Intercom,39,2020-05-20,0.06,Support,Series D,240.0,United States,2020,5,May,2020-05
Livspace,450,2020-05-19,0.15,Retail,Series D,157.0,India,2020,5,May,2020-05
Pollen,69,2020-05-19,0.31,Travel,Series B,88.0,United Kingdom,2020,5,May,2020-05
Dotscience,10,2020-05-19,1.0,Product,Unknown,0.0,United Kingdom,2020,5,May,2020-05
Uber,3000,2020-05-18,0.13,Transportation,Post-IPO,24700.0,United States,2020,5,May,2020-05
Agoda,1500,2020-05-18,0.25,Travel,Acquired,0.0,Singapore,2020,5,May,2020-05
Swiggy,1100,2020-05-18,0.14,Food,Series I,1600.0,India,2020,5,May,2020-05
WeWork,100,2020-05-18,0.2,Real Estate,Series H,19500.0,India,2020,5,May,2020-05
Rubrik,57,2020-05-18,,Infrastructure,Series E,553.0,United States,2020,5,May,2020-05
Intapp,45,2020-05-18,0.05,Legal,Private Equity,0.0,United States,2020,5,May,2020-05
Datera,0,2020-05-18,0.1,Infrastructure,Series C,63.0,United States,2020,5,May,2020-05
Magicbricks,250,2020-05-17,,Real Estate,Unknown,300.0,India,2020,5,May,2020-05
Zomato,520,2020-05-15,0.13,Food,Series J,914.0,India,2020,5,May,2020-05
Lendingkart,500,2020-05-15,0.5,Finance,Unknown,200.0,India,2020,5,May,2020-05
Lattice,16,2020-05-15,0.1,Hr,Series C,49.0,United States,2020,5,May,2020-05
Masse,0,2020-05-15,1.0,Retail,Seed,3.0,United States,2020,5,May,2020-05
Cruise,150,2020-05-14,0.08,Transportation,Acquired,5300.0,United States,2020,5,May,2020-05
Quartz,80,2020-05-14,0.4,Media,Acquired,0.0,United States,2020,5,May,2020-05
Integral Ad Science,70,2020-05-14,0.1,Marketing,Acquired,116.0,United States,2020,5,May,2020-05
Ridecell,35,2020-05-14,0.15,Transportation,Series B,73.0,United States,2020,5,May,2020-05
Veem,30,2020-05-14,,Finance,Unknown,69.0,United States,2020,5,May,2020-05
TicketSwap,0,2020-05-14,0.3,Consumer,Unknown,8.0,Netherlands,2020,5,May,2020-05
Deliv,669,2020-05-13,1.0,Retail,Series C,80.0,United States,2020,5,May,2020-05
Mercos,51,2020-05-13,0.4,Sales,Unknown,2.0,Brazil,2020,5,May,2020-05
Kickstarter,25,2020-05-13,0.18,Finance,Unknown,10.0,United States,2020,5,May,2020-05
Intersect,19,2020-05-13,0.11,Product,Acquired,0.0,Canada,2020,5,May,2020-05
Mode Analytics,17,2020-05-13,,Data,Series C,46.0,United States,2020,5,May,2020-05
WeFit,0,2020-05-13,1.0,Fitness,Seed,1.0,Vietnam,2020,5,May,2020-05
Zymergen,0,2020-05-13,0.1,Other,Series C,574.0,United States,2020,5,May,2020-05
Stone,1300,2020-05-12,0.2,Finance,Post-IPO,0.0,Brazil,2020,5,May,2020-05
Zeus Living,73,2020-05-12,0.5,Real Estate,Series B,79.0,United States,2020,5,May,2020-05
Mixpanel,65,2020-05-12,0.19,Data,Series B,77.0,United States,2020,5,May,2020-05
Hireology,36,2020-05-12,0.17,Recruiting,Series D,52.0,United States,2020,5,May,2020-05
Top Hat,16,2020-05-12,0.03,Education,Series D,104.0,Canada,2020,5,May,2020-05
Revolut,60,2020-05-11,0.03,Finance,Series D,837.0,United Kingdom,2020,5,May,2020-05
Cadre,28,2020-05-11,0.25,Real Estate,Series C,133.0,United States,2020,5,May,2020-05
N26,9,2020-05-08,0.01,Finance,Series D,782.0,United States,2020,5,May,2020-05
Jump,500,2020-05-07,1.0,Transportation,Acquired,11.0,United States,2020,5,May,2020-05
Glassdoor,300,2020-05-07,0.3,Recruiting,Acquired,204.0,United States,2020,5,May,2020-05
Numbrs,62,2020-05-07,0.5,Finance,Series B,78.0,Switzerland,2020,5,May,2020-05
Flywire,60,2020-05-07,0.12,Finance,Series E,263.0,United States,2020,5,May,2020-05
SalesLoft,55,2020-05-07,,Sales,Series D,145.0,United States,2020,5,May,2020-05
Tally,28,2020-05-07,0.23,Finance,Series C,92.0,United States,2020,5,May,2020-05
Airy Rooms,0,2020-05-07,1.0,Travel,Unknown,0.0,Indonesia,2020,5,May,2020-05
Uber,3700,2020-05-06,0.14,Transportation,Post-IPO,24700.0,United States,2020,5,May,2020-05
Validity,130,2020-05-06,0.33,Data,Private Equity,0.0,United States,2020,5,May,2020-05
Flatiron School,100,2020-05-06,,Education,Acquired,15.0,United States,2020,5,May,2020-05
Rubicon Project,50,2020-05-06,0.08,Marketing,Post-IPO,60.0,United States,2020,5,May,2020-05
Segment,50,2020-05-06,0.1,Data,Series D,283.0,United States,2020,5,May,2020-05
OPay,0,2020-05-06,0.7000000000000001,Finance,Series B,170.0,Nigeria,2020,5,May,2020-05
Airbnb,1900,2020-05-05,0.25,Travel,Private Equity,5400.0,United States,2020,5,May,2020-05
Juul,900,2020-05-05,0.3,Consumer,Unknown,1500.0,United States,2020,5,May,2020-05
Andela,135,2020-05-05,0.1,Recruiting,Series D,181.0,United States,2020,5,May,2020-05
Stack Overflow,40,2020-05-05,0.15,Recruiting,Series D,68.0,United States,2020,5,May,2020-05
Pipedrive,31,2020-05-05,,Sales,Series C,90.0,Estonia,2020,5,May,2020-05
Workable,25,2020-05-05,0.1,Recruiting,Series C,84.0,United States,2020,5,May,2020-05
Curefit,800,2020-05-04,0.16,Fitness,Series D,404.0,India,2020,5,May,2020-05
Careem,536,2020-05-04,0.31,Transportation,Acquired,771.0,United Arab Emirates,2020,5,May,2020-05
Oriente,400,2020-05-04,0.2,Finance,Series B,175.0,Hong Kong,2020,5,May,2020-05
Veriff,63,2020-05-04,0.21,Security,Series A,7.0,Estonia,2020,5,May,2020-05
Element AI,62,2020-05-04,0.15,Other,Series B,257.0,Canada,2020,5,May,2020-05
Deputy,60,2020-05-04,0.3,Hr,Series B,106.0,Australia,2020,5,May,2020-05
Loopio,11,2020-05-04,0.08,Sales,Series A,11.0,Canada,2020,5,May,2020-05
Castlight Health,0,2020-05-04,0.13,Healthcare,Post-IPO,184.0,United States,2020,5,May,2020-05
Trax,120,2020-05-03,0.1,Retail,Series D,386.0,Israel,2020,5,May,2020-05
LiveTiles,50,2020-05-03,,Other,Post-IPO,46.0,United States,2020,5,May,2020-05
OYO,150,2020-05-01,,Travel,Series F,2400.0,United Kingdom,2020,5,May,2020-05
Namely,110,2020-05-01,0.4,Hr,Series E,217.0,United States,2020,5,May,2020-05
Culture Trip,95,2020-05-01,0.32,Media,Series B,102.0,United Kingdom,2020,5,May,2020-05
Sandbox VR,80,2020-05-01,0.8,Consumer,Series A,82.0,United States,2020,5,May,2020-05
Virtudent,70,2020-05-01,,Healthcare,Series A,10.0,United States,2020,5,May,2020-05
Monese,35,2020-05-01,,Finance,Unknown,80.0,Portugal,2020,5,May,2020-05
TheSkimm,26,2020-05-01,0.2,Media,Series C,28.0,United States,2020,5,May,2020-05
Automatic,0,2020-05-01,1.0,Transportation,Acquired,24.0,United States,2020,5,May,2020-05
Bullhorn,100,2020-04-30,,Sales,Acquired,32.0,United States,2020,4,April,2020-04
Care.com,81,2020-04-30,,Consumer,Acquired,156.0,United States,2020,4,April,2020-04
Fandom,0,2020-04-30,0.14,Media,Series E,145.0,United States,2020,4,April,2020-04
PicoBrew,0,2020-04-30,1.0,Food,Series A,15.0,United States,2020,4,April,2020-04
Lyft,982,2020-04-29,0.17,Transportation,Post-IPO,4900.0,United States,2020,4,April,2020-04
WeWork,300,2020-04-29,,Real Estate,Series H,2250.0,United States,2020,4,April,2020-04
Kayak / OpenTable,160,2020-04-29,0.08,Travel,Acquired,229.0,United States,2020,4,April,2020-04
Kitopi,124,2020-04-29,,Food,Series B,89.0,United States,2020,4,April,2020-04
Lime,80,2020-04-29,0.13,Transportation,Series D,765.0,United States,2020,4,April,2020-04
Transfix,24,2020-04-29,0.1,Logistics,Series D,128.0,United States,2020,4,April,2020-04
TripAdvisor,900,2020-04-28,0.25,Travel,Post-IPO,3.0,United States,2020,4,April,2020-04
Renmoney,391,2020-04-28,0.5,Finance,Unknown,0.0,Nigeria,2020,4,April,2020-04
Deliveroo,367,2020-04-28,0.15,Food,Series G,1500.0,United Kingdom,2020,4,April,2020-04
App Annie,80,2020-04-28,0.18,Data,Unknown,156.0,United States,2020,4,April,2020-04
OpenX,35,2020-04-28,0.15,Marketing,Unknown,70.0,United States,2020,4,April,2020-04
PayJoy,27,2020-04-28,0.25,Finance,Series B,71.0,United States,2020,4,April,2020-04
Shipsi,20,2020-04-28,0.5,Retail,Seed,2.0,United States,2020,4,April,2020-04
Migo,0,2020-04-28,0.25,Finance,Series B,37.0,United States,2020,4,April,2020-04
Automation Anywhere,260,2020-04-27,0.1,Other,Series B,840.0,United States,2020,4,April,2020-04
JetClosing,20,2020-04-27,0.2,Real Estate,Series A,24.0,United States,2020,4,April,2020-04
Qwick,0,2020-04-27,0.7000000000000001,Recruiting,Seed,4.0,United States,2020,4,April,2020-04
OYO,500,2020-04-25,,Travel,Series F,2400.0,Brazil,2020,4,April,2020-04
Stoqo,250,2020-04-25,1.0,Food,Series A,0.0,Indonesia,2020,4,April,2020-04
Submittable,30,2020-04-25,0.2,Other,Series B,17.0,United States,2020,4,April,2020-04
Divergent 3D,57,2020-04-24,0.36,Transportation,Series B,88.0,United States,2020,4,April,2020-04
Ada Support,36,2020-04-24,0.23,Support,Series B,60.0,Canada,2020,4,April,2020-04
UPshow,19,2020-04-24,0.3,Marketing,Series A,7.0,United States,2020,4,April,2020-04
Lighter Capital,18,2020-04-24,0.22,Finance,Series B,15.0,United States,2020,4,April,2020-04
Horizn Studios,15,2020-04-24,0.25,Travel,Series B,30.0,Germany,2020,4,April,2020-04
Welkin Health,10,2020-04-24,0.33,Healthcare,Series B,29.0,United States,2020,4,April,2020-04
Jiobit,6,2020-04-24,0.21,Consumer,Unknown,12.0,United States,2020,4,April,2020-04
TutorMundi,4,2020-04-24,1.0,Education,Series A,2.0,Brazil,2020,4,April,2020-04
StockX,100,2020-04-23,0.12,Retail,Series C,160.0,United States,2020,4,April,2020-04
Zenefits,87,2020-04-23,0.15,Hr,Series C,583.0,United States,2020,4,April,2020-04
Sisense,80,2020-04-23,0.09,Data,Series F,274.0,United States,2020,4,April,2020-04
Oscar Health,70,2020-04-23,0.05,Healthcare,Unknown,1300.0,United States,2020,4,April,2020-04
Simon Data,6,2020-04-23,,Marketing,Series C,68.0,United States,2020,4,April,2020-04
Convoy,0,2020-04-23,0.01,Logistics,Series D,665.0,United States,2020,4,April,2020-04
Magic Leap,1000,2020-04-22,0.5,Consumer,Series E,2600.0,United States,2020,4,April,2020-04
When I Work,55,2020-04-22,0.35,Hr,Series B,24.0,United States,2020,4,April,2020-04
Ike,10,2020-04-22,0.14,Transportation,Series A,52.0,United States,2020,4,April,2020-04
Airy Rooms,0,2020-04-22,0.7000000000000001,Travel,Unknown,0.0,Indonesia,2020,4,April,2020-04
Nearmap,0,2020-04-22,0.1,Construction,Post-IPO,15.0,Australia,2020,4,April,2020-04
Swiggy,800,2020-04-21,,Food,Series I,1600.0,India,2020,4,April,2020-04
Paytm,500,2020-04-21,,Finance,Unknown,2200.0,India,2020,4,April,2020-04
Lending Club,460,2020-04-21,0.3,Finance,Post-IPO,392.0,United States,2020,4,April,2020-04
Houzz,155,2020-04-21,0.1,Consumer,Series E,613.0,United States,2020,4,April,2020-04
Casper,78,2020-04-21,0.21,Retail,Post-IPO,339.0,United States,2020,4,April,2020-04
RealSelf,40,2020-04-21,0.13,Healthcare,Series B,42.0,United States,2020,4,April,2020-04
Freshbooks,38,2020-04-21,0.09,Finance,Series B,75.0,Canada,2020,4,April,2020-04
Patreon,30,2020-04-21,0.13,Media,Series D,165.0,United States,2020,4,April,2020-04
Lambda School,19,2020-04-21,,Education,Series B,48.0,United States,2020,4,April,2020-04
Politico / Protocol,13,2020-04-21,,Media,Unknown,0.0,United States,2020,4,April,2020-04
Bringg,10,2020-04-21,0.1,Logistics,Series D,84.0,Israel,2020,4,April,2020-04
Klook,300,2020-04-20,0.15,Travel,Series D,521.0,Hong Kong,2020,4,April,2020-04
ConsenSys,91,2020-04-20,0.14,Crypto,Unknown,10.0,United States,2020,4,April,2020-04
GumGum,90,2020-04-20,0.25,Marketing,Series D,58.0,United States,2020,4,April,2020-04
Kueski,90,2020-04-20,0.3,Finance,Series B,38.0,Mexico,2020,4,April,2020-04
Movidesk,33,2020-04-20,0.25,Support,Seed,1.0,Brazil,2020,4,April,2020-04
Zum,28,2020-04-20,,Transportation,Series C,71.0,United States,2020,4,April,2020-04
Komodo Health,23,2020-04-20,0.09,Healthcare,Series C,50.0,United States,2020,4,April,2020-04
Forward,10,2020-04-20,0.03,Healthcare,Series C,100.0,United States,2020,4,April,2020-04
Hipcamp,0,2020-04-20,0.6,Travel,Series B,40.5,United States,2020,4,April,2020-04
Motif Investing,0,2020-04-18,1.0,Finance,Series E,126.0,United States,2020,4,April,2020-04
BlackBuck,200,2020-04-17,,Logistics,Series D,293.0,India,2020,4,April,2020-04
ContaAzul,140,2020-04-17,0.35,Education,Series D,37.0,Brazil,2020,4,April,2020-04
Greenhouse,120,2020-04-17,0.28,Recruiting,Series D,110.0,United States,2020,4,April,2020-04
QuintoAndar,88,2020-04-17,0.08,Real Estate,Series D,335.0,Brazil,2020,4,April,2020-04
Loft,47,2020-04-17,0.1,Real Estate,Series C,263.0,Brazil,2020,4,April,2020-04
Zilingo,44,2020-04-17,0.05,Retail,Series D,307.0,Singapore,2020,4,April,2020-04
Labster,40,2020-04-17,,Education,Series B,34.0,Denmark,2020,4,April,2020-04
Sweetgreen,35,2020-04-17,0.1,Food,Series I,478.0,United States,2020,4,April,2020-04
People.ai,30,2020-04-17,0.18,Marketing,Series C,100.0,United States,2020,4,April,2020-04
Tor,13,2020-04-17,0.37,Security,Unknown,1.0,United States,2020,4,April,2020-04
BitGo,0,2020-04-17,0.12,Crypto,Series B,69.0,United States,2020,4,April,2020-04
Dispatch,0,2020-04-17,0.38,Other,Series A,18.0,United States,2020,4,April,2020-04
CarGurus,130,2020-04-16,0.13,Transportation,Post-IPO,1.0,United States,2020,4,April,2020-04
Funding Societies,65,2020-04-16,0.18,Finance,Series B,42.0,Singapore,2020,4,April,2020-04
CleverTap,60,2020-04-16,0.2,Marketing,Series C,76.0,India,2020,4,April,2020-04
Purse,0,2020-04-16,1.0,Crypto,Seed,1.0,United States,2020,4,April,2020-04
Opendoor,600,2020-04-15,0.35,Real Estate,Series E,1500.0,United States,2020,4,April,2020-04
GoPro,200,2020-04-15,0.2,Consumer,Post-IPO,288.0,United States,2020,4,April,2020-04
Shop101,200,2020-04-15,0.4,Retail,Series C,19.0,India,2020,4,April,2020-04
Zume,200,2020-04-15,0.67,Food,Unknown,423.0,United States,2020,4,April,2020-04
Carta,161,2020-04-15,0.16,Finance,Series E,447.0,United States,2020,4,April,2020-04
Akulaku,100,2020-04-15,,Finance,Series D,160.0,Indonesia,2020,4,April,2020-04
Parsable,40,2020-04-15,0.25,Hr,Series C,72.0,United States,2020,4,April,2020-04
Kodiak Robotics,15,2020-04-15,0.2,Transportation,Series A,40.0,United States,2020,4,April,2020-04
Tulip Retail,14,2020-04-15,,Retail,Series B,51.0,Canada,2020,4,April,2020-04
Trove Recommerce,13,2020-04-15,,Retail,Series C,34.0,United States,2020,4,April,2020-04
Dude Solutions,0,2020-04-15,0.2,Other,Acquired,100.0,United States,2020,4,April,2020-04
SweetEscape,0,2020-04-15,0.3,Consumer,Series A,7.0,Indonesia,2020,4,April,2020-04
The RealReal,235,2020-04-14,0.1,Retail,Post-IPO,358.0,United States,2020,4,April,2020-04
TouchBistro,131,2020-04-14,0.23,Food,Series E,224.0,Canada,2020,4,April,2020-04
Envoy,58,2020-04-14,0.3,Hr,Series B,59.0,United States,2020,4,April,2020-04
VSCO,45,2020-04-14,0.35,Consumer,Series B,90.0,United States,2020,4,April,2020-04
Skillz,21,2020-04-14,,Consumer,Series D,132.0,United States,2020,4,April,2020-04
DataStax,15,2020-04-14,,Data,Series E,190.0,United States,2020,4,April,2020-04
Xerpa,10,2020-04-14,,Hr,Unknown,5.0,Brazil,2020,4,April,2020-04
Groupon,2800,2020-04-13,0.44,Retail,Post-IPO,1400.0,United States,2020,4,April,2020-04
Zoox,100,2020-04-13,0.1,Transportation,Series B,955.0,United States,2020,4,April,2020-04
Neon,70,2020-04-13,0.1,Finance,Series B,120.0,Brazil,2020,4,April,2020-04
EasyPost,50,2020-04-13,0.25,Logistics,Series A,12.0,United States,2020,4,April,2020-04
Clearbanc,17,2020-04-13,0.08,Finance,Series B,119.0,Canada,2020,4,April,2020-04
Meow Wolf,201,2020-04-10,,Media,Unknown,185.0,United States,2020,4,April,2020-04
Frontdesk,35,2020-04-10,0.16,Travel,Unknown,3.0,United States,2020,4,April,2020-04
BeeTech,30,2020-04-10,,Finance,Series B,14.0,Brazil,2020,4,April,2020-04
Built In,28,2020-04-10,,Recruiting,Series C,29.0,United States,2020,4,April,2020-04
NuoDB,20,2020-04-10,0.29,Data,Unknown,85.0,United States,2020,4,April,2020-04
Rhumbix,16,2020-04-10,0.27,Construction,Series B,35.0,United States,2020,4,April,2020-04
Atsu,6,2020-04-10,1.0,Infrastructure,Unknown,1.0,United States,2020,4,April,2020-04
Geekwire,5,2020-04-10,0.31,Media,Unknown,0.0,United States,2020,4,April,2020-04
Yelp,1000,2020-04-09,0.17,Consumer,Post-IPO,56.0,United States,2020,4,April,2020-04
Monzo,165,2020-04-09,,Finance,Series F,324.0,United States,2020,4,April,2020-04
OneTrust,150,2020-04-09,0.1,Legal,Series B,410.0,United States,2020,4,April,2020-04
Omie,136,2020-04-09,0.31,Finance,Series B,26.0,Brazil,2020,4,April,2020-04
Domo,90,2020-04-09,0.1,Data,Post-IPO,689.0,United States,2020,4,April,2020-04
Matterport,90,2020-04-09,0.34,Data,Series D,114.0,United States,2020,4,April,2020-04
Clinc,40,2020-04-09,0.32,Support,Series B,59.0,United States,2020,4,April,2020-04
Mejuri,36,2020-04-09,0.15,Retail,Series B,28.0,Canada,2020,4,April,2020-04
Code42,25,2020-04-09,0.05,Data,Series B,137.5,United States,2020,4,April,2020-04
Lighthouse Labs,14,2020-04-09,0.07,Education,Unknown,0.0,Canada,2020,4,April,2020-04
LoopMe,8,2020-04-09,0.04,Marketing,Unknown,32.0,United Kingdom,2020,4,April,2020-04
Elliptic,0,2020-04-09,0.3,Crypto,Series B,40.0,United Kingdom,2020,4,April,2020-04
Eventbrite,500,2020-04-08,0.45,Consumer,Post-IPO,332.0,United States,2020,4,April,2020-04
Meesho,200,2020-04-08,0.28,Retail,Series D,215.0,India,2020,4,April,2020-04
Scoop,92,2020-04-08,0.33,Transportation,Series C,95.0,United States,2020,4,April,2020-04
Unison,89,2020-04-08,0.45,Finance,Series B,40.0,United States,2020,4,April,2020-04
Lever,86,2020-04-08,0.4,Recruiting,Series C,72.0,United States,2020,4,April,2020-04
Unbabel,80,2020-04-08,0.35,Support,Series C,91.0,Portugal,2020,4,April,2020-04
Button,48,2020-04-08,0.35,Marketing,Series C,64.0,United States,2020,4,April,2020-04
Eden / Managed By Q,40,2020-04-08,0.4,Real Estate,Series B,40.0,United States,2020,4,April,2020-04
Quantcast,30,2020-04-08,0.05,Marketing,Series C,65.0,United States,2020,4,April,2020-04
BVAccel,25,2020-04-08,0.25,Marketing,Unknown,0.0,United States,2020,4,April,2020-04
VideoAmp,21,2020-04-08,0.1,Marketing,Series C,106.0,United States,2020,4,April,2020-04
Kenoby,18,2020-04-08,0.16,Recruiting,Unknown,23.0,Brazil,2020,4,April,2020-04
Connected,17,2020-04-08,0.1,Product,Unknown,0.0,Canada,2020,4,April,2020-04
GetNinjas,11,2020-04-08,0.1,Consumer,Series B,16.0,Brazil,2020,4,April,2020-04
Spyce,4,2020-04-08,0.12,Food,Series A,26.0,United States,2020,4,April,2020-04
Creditas,0,2020-04-08,0.06,Finance,Series D,314.0,Brazil,2020,4,April,2020-04
RedDoorz,0,2020-04-08,0.1,Travel,Series C,134.0,Singapore,2020,4,April,2020-04
Zola,0,2020-04-08,0.2,Retail,Series D,140.0,United States,2020,4,April,2020-04
Toast,1300,2020-04-07,0.5,Food,Series F,902.0,United States,2020,4,April,2020-04
ezCater,400,2020-04-07,0.44,Food,Series D,319.0,United States,2020,4,April,2020-04
Sage Therapeutics,340,2020-04-07,0.53,Healthcare,Post-IPO,438.0,United States,2020,4,April,2020-04
Redfin,236,2020-04-07,0.07,Real Estate,Post-IPO,319.0,United States,2020,4,April,2020-04
Branch Metrics,100,2020-04-07,0.2,Marketing,Series E,367.0,United States,2020,4,April,2020-04
Newfront Insurance,94,2020-04-07,,Finance,Unknown,0.0,United States,2020,4,April,2020-04
Ibotta,87,2020-04-07,0.15,Retail,Series D,85.0,United States,2020,4,April,2020-04
Virta Health,65,2020-04-07,,Healthcare,Series C,175.0,United States,2020,4,April,2020-04
Away,60,2020-04-07,0.1,Retail,Series D,181.0,United States,2020,4,April,2020-04
MediaMath,53,2020-04-07,0.08,Marketing,Private Equity,607.0,United States,2020,4,April,2020-04
Group Nine Media,50,2020-04-07,0.07,Media,Unknown,190.0,United States,2020,4,April,2020-04
Payfactors,46,2020-04-07,,Hr,Unknown,0.0,United States,2020,4,April,2020-04
Nav,30,2020-04-07,,Finance,Series C,99.0,United States,2020,4,April,2020-04
Metromile,100,2020-04-06,0.33,Finance,Series E,293.0,United States,2020,4,April,2020-04
Rock Content,100,2020-04-06,0.2,Marketing,Series A,0.7,Brazil,2020,4,April,2020-04
BounceX,77,2020-04-06,0.2,Marketing,Series B,75.0,United States,2020,4,April,2020-04
C6 Bank,60,2020-04-06,0.06,Finance,Unknown,0.0,Brazil,2020,4,April,2020-04
Wordstream,26,2020-04-06,0.1,Marketing,Acquired,28.0,United States,2020,4,April,2020-04
Cogito,24,2020-04-06,0.14,Support,Series C,92.0,United States,2020,4,April,2020-04
BusBud,23,2020-04-06,0.32,Transportation,Series B,21.0,Canada,2020,4,April,2020-04
Borrowell,15,2020-04-06,0.2,Finance,Series B,72.0,Canada,2020,4,April,2020-04
PerkSpot,10,2020-04-06,0.1,Hr,Private Equity,50.0,United States,2020,4,April,2020-04
Astra,40,2020-04-05,0.25,Aerospace,Unknown,100.0,United States,2020,4,April,2020-04
Iflix,50,2020-04-04,0.12,Consumer,Unknown,348.0,Malaysia,2020,4,April,2020-04
Gympass,467,2020-04-03,0.33,Fitness,Series D,300.0,Brazil,2020,4,April,2020-04
Sojern,300,2020-04-03,0.5,Marketing,Series D,162.0,United States,2020,4,April,2020-04
MaxMilhas,167,2020-04-03,0.42,Travel,Unknown,0.0,Brazil,2020,4,April,2020-04
Minted,147,2020-04-03,0.37,Retail,Series E,297.0,United States,2020,4,April,2020-04
Velodyne Lidar,140,2020-04-03,,Transportation,Unknown,225.0,United States,2020,4,April,2020-04
Zoox,120,2020-04-03,,Transportation,Series B,955.0,United States,2020,4,April,2020-04
Traveloka,100,2020-04-03,0.1,Travel,Unknown,0.0,Indonesia,2020,4,April,2020-04
Arrive Logistics,75,2020-04-03,0.07,Logistics,Series B,35.0,United States,2020,4,April,2020-04
Salsify,60,2020-04-03,0.13,Retail,Series D,97.0,United States,2020,4,April,2020-04
Jetty,35,2020-04-03,0.4,Finance,Series B,40.0,United States,2020,4,April,2020-04
D2iQ,34,2020-04-03,0.13,Infrastructure,Series D,247.0,United States,2020,4,April,2020-04
Bustle Digital Group,24,2020-04-03,0.08,Media,Series E,80.0,United States,2020,4,April,2020-04
Bustle Digital Group,19,2020-04-03,,Media,Series E,80.0,United States,2020,4,April,2020-04
Opencare,18,2020-04-03,0.25,Healthcare,Series A,24.0,Canada,2020,4,April,2020-04
Anagram,17,2020-04-03,,Healthcare,Series A,14.0,United States,2020,4,April,2020-04
G/O Media Group,14,2020-04-03,0.05,Media,Unknown,0.0,United States,2020,4,April,2020-04
DSCO,12,2020-04-03,,Retail,Series A,4.0,United States,2020,4,April,2020-04
Tripbam,10,2020-04-03,0.25,Travel,Unknown,0.0,United States,2020,4,April,2020-04
Avantage Entertainment,5,2020-04-03,0.2,Media,Unknown,0.0,United States,2020,4,April,2020-04
The Wing,0,2020-04-03,0.5,Real Estate,Series C,117.0,United States,2020,4,April,2020-04
MindBody,700,2020-04-02,0.35,Fitness,Post-IPO,114.0,United States,2020,4,April,2020-04
Katerra,240,2020-04-02,0.03,Construction,Series D,1200.0,United States,2020,4,April,2020-04
Ritual,196,2020-04-02,0.54,Food,Series C,112.0,Canada,2020,4,April,2020-04
ClassPass,154,2020-04-02,0.22,Fitness,Series E,549.0,United States,2020,4,April,2020-04
eGym,100,2020-04-02,0.25,Fitness,Series D,109.0,Germany,2020,4,April,2020-04
Voi,100,2020-04-02,,Transportation,Series B,167.0,Sweden,2020,4,April,2020-04
Industrious,90,2020-04-02,0.2,Real Estate,Series D,222.0,United States,2020,4,April,2020-04
1stdibs,70,2020-04-02,0.17,Retail,Series D,253.0,United States,2020,4,April,2020-04
ThirdLove,65,2020-04-02,0.3,Retail,Series B,68.0,United States,2020,4,April,2020-04
Latch,60,2020-04-02,,Security,Series B,152.0,United States,2020,4,April,2020-04
The Predictive Index,59,2020-04-02,0.25,Hr,Acquired,65.0,United States,2020,4,April,2020-04
Shuttl,40,2020-04-02,,Transportation,Series C,122.0,India,2020,4,April,2020-04
Jobcase,39,2020-04-02,0.2,Recruiting,Private Equity,118.0,United States,2020,4,April,2020-04
Copper,35,2020-04-02,,Marketing,Series C,102.0,United States,2020,4,April,2020-04
Dynamic Signal,35,2020-04-02,0.19,Hr,Series E,114.0,United States,2020,4,April,2020-04
FiscalNote,30,2020-04-02,,Media,Series D,50.0,United States,2020,4,April,2020-04
Sauce Labs,30,2020-04-02,0.15,Infrastructure,Unknown,151.0,United States,2020,4,April,2020-04
Humu,26,2020-04-02,,Hr,Series B,40.0,United States,2020,4,April,2020-04
TripleLift,23,2020-04-02,0.07,Marketing,Series B,16.0,United States,2020,4,April,2020-04
Coding Dojo,7,2020-04-02,0.07,Education,Unknown,2.0,United States,2020,4,April,2020-04
Instamojo,6,2020-04-02,0.06,Finance,Unknown,8.0,India,2020,4,April,2020-04
Synergysuite,5,2020-04-02,0.07,Food,Series A,6.0,United States,2020,4,April,2020-04
Atlanta Tech Village,0,2020-04-02,0.5,Real Estate,Unknown,0.0,United States,2020,4,April,2020-04
The Modist,0,2020-04-02,1.0,Retail,Unknown,0.0,United Arab Emirates,2020,4,April,2020-04
Booksy,200,2020-04-01,,Consumer,Series B,48.0,United States,2020,4,April,2020-04
Flymya,200,2020-04-01,0.33,Travel,Unknown,0.0,Myanmar,2020,4,April,2020-04
PatientPop,100,2020-04-01,0.2,Healthcare,Series B,75.0,United States,2020,4,April,2020-04
Showpad,52,2020-04-01,0.12,Marketing,Series D,159.0,United States,2020,4,April,2020-04
Highsnobiety,51,2020-04-01,0.25,Media,Series A,8.5,Germany,2020,4,April,2020-04
Earnin,50,2020-04-01,0.2,Finance,Series C,190.0,United States,2020,4,April,2020-04
Wonolo,46,2020-04-01,0.13,Recruiting,Series C,52.0,United States,2020,4,April,2020-04
Acko,45,2020-04-01,0.09,Finance,Unknown,143.0,India,2020,4,April,2020-04
Moovel,28,2020-04-01,0.37,Transportation,Unknown,0.0,United States,2020,4,April,2020-04
Aqua Security,24,2020-04-01,0.09,Security,Series C,100.0,Israel,2020,4,April,2020-04
Crayon,20,2020-04-01,0.2,Marketing,Series A,16.0,United States,2020,4,April,2020-04
Pana,18,2020-04-01,,Travel,Series A,11.0,United States,2020,4,April,2020-04
Sensibill,17,2020-04-01,0.2,Finance,Series B,50.0,Canada,2020,4,April,2020-04
Usermind,15,2020-04-01,0.25,Marketing,Series C,46.0,United States,2020,4,April,2020-04
Incredible Health,9,2020-04-01,0.4,Healthcare,Series A,15.0,United States,2020,4,April,2020-04
Le Tote,0,2020-04-01,0.5,Retail,Series C,62.0,United States,2020,4,April,2020-04
Pebblepost,0,2020-04-01,0.6,Marketing,Series C,81.0,United States,2020,4,April,2020-04
WhyHotel,0,2020-04-01,0.5,Travel,Series B,33.0,United States,2020,4,April,2020-04
KeepTruckin,349,2020-03-31,0.18,Logistics,Series D,227.0,United States,2020,3,March,2020-03
AdRoll,210,2020-03-31,0.3,Marketing,Series C,89.0,United States,2020,3,March,2020-03
Rover,194,2020-03-31,0.41,Consumer,Series G,310.0,United States,2020,3,March,2020-03
Turo,108,2020-03-31,0.3,Transportation,Series E,467.0,United States,2020,3,March,2020-03
uShip,65,2020-03-31,0.37,Logistics,Series D,69.0,United States,2020,3,March,2020-03
SkySlope,50,2020-03-31,0.25,Real Estate,Acquired,0.0,United States,2020,3,March,2020-03
Siteimprove,40,2020-03-31,,Marketing,Unknown,55.0,United States,2020,3,March,2020-03
AngelList,20,2020-03-31,,Recruiting,Series B,26.0,United States,2020,3,March,2020-03
Zenoti,17,2020-03-31,0.04,Fitness,Series C,91.0,United States,2020,3,March,2020-03
DialSource,5,2020-03-31,0.14,Marketing,Series B,26.0,United States,2020,3,March,2020-03
Domio,0,2020-03-31,0.3,Travel,Series B,116.0,United States,2020,3,March,2020-03
Kazoo,0,2020-03-31,0.35,Hr,Series A,8.0,United States,2020,3,March,2020-03
Thumbtack,250,2020-03-30,0.3,Consumer,Series F,423.0,United States,2020,3,March,2020-03
RigUp,120,2020-03-30,0.25,Energy,Series D,423.0,United States,2020,3,March,2020-03
FabHotels,80,2020-03-30,0.2,Travel,Series B,48.0,India,2020,3,March,2020-03
Hibob,70,2020-03-30,0.3,Hr,Series A,45.0,Israel,2020,3,March,2020-03
PeerStreet,51,2020-03-30,0.3,Finance,Series C,110.0,United States,2020,3,March,2020-03
Maven,31,2020-03-30,0.09,Media,Post-IPO,77.0,United States,2020,3,March,2020-03
Blume Global,30,2020-03-30,0.1,Logistics,Unknown,0.0,United States,2020,3,March,2020-03
Catalant,30,2020-03-30,,Other,Series E,110.0,United States,2020,3,March,2020-03
Starship Technologies,30,2020-03-30,,Transportation,Series A,82.0,Estonia,2020,3,March,2020-03
Loftsmart,25,2020-03-30,0.75,Real Estate,Series A,18.0,United States,2020,3,March,2020-03
Caliva,20,2020-03-30,,Retail,Series A,75.0,United States,2020,3,March,2020-03
Iris Nova,9,2020-03-30,0.5,Food,Seed,15.0,United States,2020,3,March,2020-03
ZipRecruiter,400,2020-03-29,0.39,Recruiting,Series B,219.0,United States,2020,3,March,2020-03
Amplero,17,2020-03-29,1.0,Marketing,Series B,25.0,United States,2020,3,March,2020-03
Polarr,10,2020-03-29,,Consumer,Series A,13.0,United States,2020,3,March,2020-03
TravelTriangle,250,2020-03-28,0.5,Travel,Series D,47.0,India,2020,3,March,2020-03
WeWork,250,2020-03-28,,Real Estate,Series H,2250.0,United States,2020,3,March,2020-03
OneWeb,451,2020-03-27,0.85,Aerospace,Unknown,3000.0,United Kingdom,2020,3,March,2020-03
Bird,406,2020-03-27,0.3,Transportation,Series D,623.0,United States,2020,3,March,2020-03
HOOQ,250,2020-03-27,1.0,Consumer,Unknown,95.0,Singapore,2020,3,March,2020-03
Everlane,227,2020-03-27,,Retail,Unknown,18.0,United States,2020,3,March,2020-03
DataRobot,200,2020-03-27,,Data,Series E,430.0,United States,2020,3,March,2020-03
Restaurant365,175,2020-03-27,,Food,Series C,127.0,United States,2020,3,March,2020-03
Blueground,130,2020-03-27,0.25,Real Estate,Series B,77.0,United States,2020,3,March,2020-03
Knotel,127,2020-03-27,0.3,Real Estate,Series C,560.0,United States,2020,3,March,2020-03
Getaround,100,2020-03-27,0.25,Transportation,Series D,403.0,United States,2020,3,March,2020-03
Zipcar,100,2020-03-27,0.2,Transportation,Acquired,107.0,United States,2020,3,March,2020-03
Mogo,78,2020-03-27,0.3,Finance,Post-IPO,201.0,Canada,2020,3,March,2020-03
DISCO,75,2020-03-27,,Legal,Series E,133.0,United States,2020,3,March,2020-03
Raken,60,2020-03-27,,Construction,Series A,12.0,United States,2020,3,March,2020-03
Bench,47,2020-03-27,0.1,Finance,Series B,49.0,Canada,2020,3,March,2020-03
Loft,47,2020-03-27,,Real Estate,Series C,263.0,Brazil,2020,3,March,2020-03
Oh My Green,40,2020-03-27,,Food,Seed,20.0,United States,2020,3,March,2020-03
Bevi,30,2020-03-27,0.2,Food,Series C,60.0,United States,2020,3,March,2020-03
Textio,30,2020-03-27,0.2,Recruiting,Unknown,41.0,United States,2020,3,March,2020-03
Opal,20,2020-03-27,,Marketing,Series B,25.0,United States,2020,3,March,2020-03
ThirdLove,10,2020-03-27,,Retail,Series B,68.0,United States,2020,3,March,2020-03
B8ta,250,2020-03-26,0.5,Retail,Series C,88.0,United States,2020,3,March,2020-03
Fareportal,200,2020-03-26,,Travel,Unknown,0.0,India,2020,3,March,2020-03
Puppet,50,2020-03-26,0.1,Infrastructure,Series F,149.0,United States,2020,3,March,2020-03
Ecobee,47,2020-03-26,0.1,Energy,Series C,149.0,Canada,2020,3,March,2020-03
Passport,44,2020-03-26,,Transportation,Series D,123.0,United States,2020,3,March,2020-03
Peerspace,41,2020-03-26,0.75,Real Estate,Series B,34.0,United States,2020,3,March,2020-03
GoSpotCheck,23,2020-03-26,0.2,Retail,Series B,47.0,United States,2020,3,March,2020-03
Consider.co,13,2020-03-26,1.0,Other,Seed,5.0,United States,2020,3,March,2020-03
Nativo,0,2020-03-26,0.4,Marketing,Series B,35.0,United States,2020,3,March,2020-03
TripActions,300,2020-03-25,0.25,Travel,Series D,981.0,United States,2020,3,March,2020-03
Lyric,100,2020-03-25,,Real Estate,Series B,179.1,United States,2020,3,March,2020-03
Rangle,78,2020-03-25,0.3,Product,Unknown,0.0,Canada,2020,3,March,2020-03
O'Reilly Media,75,2020-03-25,0.15,Media,Unknown,0.0,United States,2020,3,March,2020-03
WanderJaunt,56,2020-03-25,0.23,Travel,Series B,26.0,United States,2020,3,March,2020-03
OutboundEngine,52,2020-03-25,0.28,Marketing,Series C,48.0,United States,2020,3,March,2020-03
Wonderschool,50,2020-03-25,0.75,Education,Series A,24.0,United States,2020,3,March,2020-03
Overtime,30,2020-03-25,0.23,Media,Series B,35.0,United States,2020,3,March,2020-03
Jama,12,2020-03-25,0.05,Product,Unknown,233.0,United States,2020,3,March,2020-03
Element Analytics,10,2020-03-25,,Data,Series A,22.0,United States,2020,3,March,2020-03
Clutter,0,2020-03-25,0.3,Consumer,Series D,296.0,United States,2020,3,March,2020-03
Divvy Homes,0,2020-03-25,0.08,Real Estate,Series B,180.0,United States,2020,3,March,2020-03
Sonder,400,2020-03-24,0.33,Travel,Series D,359.0,United States,2020,3,March,2020-03
Takl,130,2020-03-24,,Consumer,Unknown,0.0,United States,2020,3,March,2020-03
Foodsby,87,2020-03-24,0.67,Food,Series B,20.0,United States,2020,3,March,2020-03
Zeus Living,80,2020-03-24,0.3,Real Estate,Series B,79.0,United States,2020,3,March,2020-03
TravelBank,20,2020-03-24,,Travel,Series B,35.0,United States,2020,3,March,2020-03
Flowr,0,2020-03-24,0.25,Retail,Unknown,0.0,Canada,2020,3,March,2020-03
Peerfit,0,2020-03-24,0.4,Hr,Unknown,47.0,United States,2020,3,March,2020-03
Compass,375,2020-03-23,0.15,Real Estate,Series G,1600.0,United States,2020,3,March,2020-03
Convene,150,2020-03-23,0.18,Real Estate,Series D,280.0,United States,2020,3,March,2020-03
Leafly,91,2020-03-23,0.5,Retail,Acquired,2.0,United States,2020,3,March,2020-03
The Guild,38,2020-03-23,0.22,Travel,Series B,36.0,United States,2020,3,March,2020-03
Drip,20,2020-03-23,,Marketing,Acquired,0.0,United States,2020,3,March,2020-03
GrayMeta,20,2020-03-23,0.4,Data,Unknown,7.0,United States,2020,3,March,2020-03
Triplebyte,15,2020-03-23,0.17,Recruiting,Series B,48.0,United States,2020,3,March,2020-03
Ladder Life,13,2020-03-23,0.25,Finance,Series C,94.0,United States,2020,3,March,2020-03
Cabin,0,2020-03-23,0.2,Travel,Seed,3.0,United States,2020,3,March,2020-03
Eight Sleep,0,2020-03-23,0.2,Retail,Series C,70.0,United States,2020,3,March,2020-03
Flywheel Sports,784,2020-03-20,0.98,Fitness,Acquired,120.0,United States,2020,3,March,2020-03
Peek,45,2020-03-20,,Travel,Series B,39.0,United States,2020,3,March,2020-03
CTO.ai,30,2020-03-20,0.5,Infrastructure,Seed,7.0,Canada,2020,3,March,2020-03
Yonder,18,2020-03-20,,Media,Series A,16.0,United States,2020,3,March,2020-03
Service,0,2020-03-20,1.0,Travel,Seed,5.0,United States,2020,3,March,2020-03
Bounce,120,2020-03-19,,Transportation,Series D,214.0,India,2020,3,March,2020-03
Ejento,84,2020-03-19,1.0,Recruiting,Unknown,0.0,United States,2020,3,March,2020-03
Remote Year,50,2020-03-19,0.5,Travel,Series B,17.0,United States,2020,3,March,2020-03
Lola,34,2020-03-19,,Travel,Series C,81.0,United States,2020,3,March,2020-03
Popin,0,2020-03-19,1.0,Fitness,Unknown,13.0,United States,2020,3,March,2020-03
Flytedesk,4,2020-03-18,0.2,Marketing,Seed,4.0,United States,2020,3,March,2020-03
Inspirato,130,2020-03-16,0.22,Travel,Series C,79.0,United States,2020,3,March,2020-03
Help.com,16,2020-03-16,1.0,Support,Seed,6.0,United States,2020,3,March,2020-03
Service,0,2020-03-16,1.0,Travel,Seed,5.1,United States,2020,3,March,2020-03
HopSkipDrive,8,2020-03-13,0.1,Transportation,Unknown,45.0,United States,2020,3,March,2020-03
Panda Squad,6,2020-03-13,0.75,Consumer,Seed,1.0,United States,2020,3,March,2020-03
Tamara Mellon,20,2020-03-12,0.4,Retail,Series C,90.0,United States,2020,3,March,2020-03
EasyPost,75,2020-03-11,,Logistics,Series A,12.0,United States,2020,3,March,2020-03
